{
    "avg_latency": 2.7633442993331605,
    "latencies": [
        2.7614880209998773,
        2.7699666979997346,
        2.758578178999869
    ],
    "percentiles": {
        "10": 2.7591601473998706,
        "25": 2.7600330999998732,
        "50": 2.7614880209998773,
        "75": 2.765727359499806,
        "90": 2.7682709625997632,
        "99": 2.7697971244597372
    }
}