{
    "avg_latency": 21.392839863993384,
    "latencies": [
        20.39655719997245,
        21.683688274002634,
        22.098274118005065
    ],
    "percentiles": {
        "10": 20.653983414778487,
        "25": 21.04012273698754,
        "50": 21.683688274002634,
        "75": 21.89098119600385,
        "90": 22.01535694920458,
        "99": 22.089982401125017
    }
}