{
    "avg_latency": 64.31284375766215,
    "latencies": [
        64.78871460800292,
        64.00297816700186,
        64.14683849798166
    ],
    "percentiles": {
        "10": 64.03175023319781,
        "25": 64.07490833249176,
        "50": 64.14683849798166,
        "75": 64.46777655299229,
        "90": 64.66033938599867,
        "99": 64.77587708580249
    }
}