{
    "avg_latency": 20.81890052499754,
    "latencies": [
        20.72587316701538,
        20.758624715992482,
        20.97220369198476
    ],
    "percentiles": {
        "10": 20.7324234768108,
        "25": 20.74224894150393,
        "50": 20.758624715992482,
        "75": 20.86541420398862,
        "90": 20.929487896786306,
        "99": 20.967932112464915
    }
}