{
    "avg_latency": 18.71033255200018,
    "latencies": [
        18.69717070099432,
        18.726984623004682,
        18.706842332001543
    ],
    "percentiles": {
        "10": 18.699105027195763,
        "25": 18.70200651649793,
        "50": 18.706842332001543,
        "75": 18.716913477503113,
        "90": 18.722956164804053,
        "99": 18.72658177718462
    }
}