{
    "avg_latency": 37.06295741168045,
    "latencies": [
        37.783498135017,
        36.4749473160191,
        36.93042678400525
    ],
    "percentiles": {
        "10": 36.566043209616325,
        "25": 36.70268705001217,
        "50": 36.93042678400525,
        "75": 37.356962459511124,
        "90": 37.61288386481465,
        "99": 37.76643670799676
    }
}