{
    "avg_latency": 17.153928693005582,
    "latencies": [
        17.135307836986613,
        17.176873034011805,
        17.14960520801833
    ],
    "percentiles": {
        "10": 17.138167311192955,
        "25": 17.14245652250247,
        "50": 17.14960520801833,
        "75": 17.163239121015067,
        "90": 17.17141946881311,
        "99": 17.176327677491937
    }
}