{
    "avg_latency": 588.5262068486676,
    "latencies": [
        586.9077717620021,
        597.4374548630003,
        581.2333939210002
    ],
    "percentiles": {
        "10": 582.3682694892007,
        "25": 584.0705828415012,
        "50": 586.9077717620021,
        "75": 592.1726133125012,
        "90": 595.3315182428007,
        "99": 597.2268612009804
    }
}