{
    "avg_latency": 109.73154073600017,
    "latencies": [
        110.09051288400042,
        109.75451372200041,
        109.34959560199968
    ],
    "percentiles": {
        "10": 109.43057922599982,
        "25": 109.55205466200005,
        "50": 109.75451372200041,
        "75": 109.92251330300041,
        "90": 110.02331305160041,
        "99": 110.08379290076041
    }
}