{
    "avg_latency": 117.83317202966585,
    "latencies": [
        119.87181916499867,
        119.62287886800004,
        114.00481805599884
    ],
    "percentiles": {
        "10": 115.12843021839907,
        "25": 116.81384846199944,
        "50": 119.62287886800004,
        "75": 119.74734901649936,
        "90": 119.82203110559894,
        "99": 119.8668403590587
    }
}