{
    "avg_latency": 0.5215581366671055,
    "latencies": [
        0.5213771540002199,
        0.5217411579997133,
        0.5215560980013834
    ],
    "percentiles": {
        "10": 0.5214129428004526,
        "25": 0.5214666260008016,
        "50": 0.5215560980013834,
        "75": 0.5216486280005483,
        "90": 0.5217041460000473,
        "99": 0.5217374567997467
    }
}