{
    "avg_latency": 0.8904438723335867,
    "latencies": [
        0.8893309449995286,
        0.8927279830004409,
        0.8892726890007907
    ],
    "percentiles": {
        "10": 0.8892843402005383,
        "25": 0.8893018170001596,
        "50": 0.8893309449995286,
        "75": 0.8910294639999847,
        "90": 0.8920485754002584,
        "99": 0.8926600422404226
    }
}