{
    "avg_latency": 1.8671876663380924,
    "latencies": [
        1.866957459016703,
        1.866804149991367,
        1.867801390006207
    ],
    "percentiles": {
        "10": 1.8668348117964342,
        "25": 1.866880804504035,
        "50": 1.866957459016703,
        "75": 1.867379424511455,
        "90": 1.8676326038083062,
        "99": 1.8677845113864169
    }
}