{
    "avg_latency": 2.63009394666733,
    "latencies": [
        2.6270367430006445,
        2.629811367001821,
        2.633433729999524
    ],
    "percentiles": {
        "10": 2.6275916678008797,
        "25": 2.6284240550012328,
        "50": 2.629811367001821,
        "75": 2.6316225485006726,
        "90": 2.6327092573999833,
        "99": 2.63336128273957
    }
}