{
    "avg_latency": 2.6134437719993002,
    "latencies": [
        2.6134437719993002
    ],
    "percentiles": {
        "10": 2.6134437719993002,
        "25": 2.6134437719993002,
        "50": 2.6134437719993002,
        "75": 2.6134437719993002,
        "90": 2.6134437719993002,
        "99": 2.6134437719993002
    }
}