{
    "avg_latency": 2.868045956998685,
    "latencies": [
        2.868045956998685
    ],
    "percentiles": {
        "10": 2.868045956998685,
        "25": 2.868045956998685,
        "50": 2.868045956998685,
        "75": 2.868045956998685,
        "90": 2.868045956998685,
        "99": 2.868045956998685
    }
}