{
    "avg_latency": 2.7269145640020724,
    "latencies": [
        2.7269145640020724
    ],
    "percentiles": {
        "10": 2.7269145640020724,
        "25": 2.7269145640020724,
        "50": 2.7269145640020724,
        "75": 2.7269145640020724,
        "90": 2.7269145640020724,
        "99": 2.7269145640020724
    }
}