{
    "avg_latency": 2.032775362000393,
    "latencies": [
        2.032775362000393
    ],
    "percentiles": {
        "10": 2.032775362000393,
        "25": 2.032775362000393,
        "50": 2.032775362000393,
        "75": 2.032775362000393,
        "90": 2.032775362000393,
        "99": 2.032775362000393
    }
}