{
    "avg_latency": 2.5068391606716127,
    "latencies": [
        2.509200897999108,
        2.518112113000825,
        2.4932044710149057
    ],
    "percentiles": {
        "10": 2.496403756411746,
        "25": 2.501202684507007,
        "50": 2.509200897999108,
        "75": 2.5136565054999664,
        "90": 2.5163298700004817,
        "99": 2.5179338887007905
    }
}