{
    "avg_latency": 2.4832327853364404,
    "latencies": [
        2.4494471680081915,
        2.5011458240041975,
        2.4991053639969323
    ],
    "percentiles": {
        "10": 2.4593788072059395,
        "25": 2.474276266002562,
        "50": 2.4991053639969323,
        "75": 2.500125594000565,
        "90": 2.5007377320027446,
        "99": 2.501105014804052
    }
}