{
    "avg_latency": 5.471096736000011,
    "latencies": [
        5.506846911001048,
        5.390506273999563,
        5.515937022999424
    ],
    "percentiles": {
        "10": 5.41377440139986,
        "25": 5.448676592500306,
        "50": 5.506846911001048,
        "75": 5.511391967000236,
        "90": 5.514119000599749,
        "99": 5.5157552207594565
    }
}