{
    "avg_latency": 2.472370844664207,
    "latencies": [
        2.471017320989631,
        2.4331394110049587,
        2.5129558019980323
    ],
    "percentiles": {
        "10": 2.440714993001893,
        "25": 2.452078365997295,
        "50": 2.471017320989631,
        "75": 2.4919865614938317,
        "90": 2.504568105796352,
        "99": 2.5121170323778643
    }
}