{
    "avg_latency": 3.1493677110023177,
    "latencies": [
        3.131472705019405,
        3.1460135959787294,
        3.170616832008818
    ],
    "percentiles": {
        "10": 3.13438088321127,
        "25": 3.1387431504990673,
        "50": 3.1460135959787294,
        "75": 3.158315213993774,
        "90": 3.1656961848028002,
        "99": 3.1701247672882165
    }
}