{
    "avg_latency": 3.093871710666766,
    "latencies": [
        3.081186269000682,
        3.103117795999424,
        3.0973110670001915
    ],
    "percentiles": {
        "10": 3.084411228600584,
        "25": 3.0892486680004367,
        "50": 3.0973110670001915,
        "75": 3.1002144314998077,
        "90": 3.1019564501995776,
        "99": 3.103001661419439
    }
}