{
    "avg_latency": 2.459432747341149,
    "latencies": [
        2.485777115012752,
        2.475901618017815,
        2.4166195089928806
    ],
    "percentiles": {
        "10": 2.4284759307978674,
        "25": 2.446260563505348,
        "50": 2.475901618017815,
        "75": 2.4808393665152835,
        "90": 2.4838020156137643,
        "99": 2.485579605072853
    }
}