{
    "avg_latency": 5.321484504335483,
    "latencies": [
        5.275837863999186,
        5.267005294008413,
        5.4216103549988475
    ],
    "percentiles": {
        "10": 5.2687718080065675,
        "25": 5.2714215790038,
        "50": 5.275837863999186,
        "75": 5.348724109499017,
        "90": 5.392455856798915,
        "99": 5.418694905178854
    }
}