{
    "avg_latency": 2.11002805600098,
    "latencies": [
        2.114952109986916,
        2.1153940680087544,
        2.09973799000727
    ],
    "percentiles": {
        "10": 2.102780814003199,
        "25": 2.107345049997093,
        "50": 2.114952109986916,
        "75": 2.1151730889978353,
        "90": 2.115305676404387,
        "99": 2.1153852288483175
    }
}