{
  "model": "Qwen/Qwen2.5-7B-Instruct",
  "input_len": 8,
  "output_len": 128,
  "f": 0.05,
  "batches": [
    1,
    4
  ],
  "threads": [
    4,
    8,
    16,
    24
  ],
  "none": {
    "1": 2.0332944273250178,
    "4": 2.11002805600098
  },
  "cots": {
    "cots_005_dryrun_t4": {
      "1": 2.5068391606716127,
      "4": 3.1493677110023177
    },
    "cots_005_real_t4": {
      "1": 3.093871710666766,
      "4": 5.065253747333069
    },
    "cots_005_dryrun_t8": {
      "1": 2.472370844664207,
      "4": 3.2365029320062604
    },
    "cots_005_real_t8": {
      "1": 3.8722982783328916,
      "4": 5.471096736000011
    },
    "cots_005_dryrun_t16": {
      "1": 2.4832327853364404,
      "4": 3.1598863346638004
    },
    "cots_005_real_t16": {
      "1": 4.519564592997388,
      "4": 5.321484504335483
    },
    "cots_005_dryrun_t24": {
      "1": 2.459432747341149,
      "4": 3.225335486669792
    },
    "cots_005_real_t24": {
      "1": 3.664282039331738,
      "4": 6.1385626296687406
    }
  }
}