{
    "avg_latency": 2.8115407660006895,
    "latencies": [
        2.8115407660006895
    ],
    "percentiles": {
        "10": 2.8115407660006895,
        "25": 2.8115407660006895,
        "50": 2.8115407660006895,
        "75": 2.8115407660006895,
        "90": 2.8115407660006895,
        "99": 2.8115407660006895
    }
}