{
    "avg_latency": 2.818458894002106,
    "latencies": [
        2.818458894002106
    ],
    "percentiles": {
        "10": 2.818458894002106,
        "25": 2.818458894002106,
        "50": 2.818458894002106,
        "75": 2.818458894002106,
        "90": 2.818458894002106,
        "99": 2.818458894002106
    }
}