{
    "avg_latency": 2.043676877998223,
    "latencies": [
        2.043676877998223
    ],
    "percentiles": {
        "10": 2.043676877998223,
        "25": 2.043676877998223,
        "50": 2.043676877998223,
        "75": 2.043676877998223,
        "90": 2.043676877998223,
        "99": 2.043676877998223
    }
}