{
    "avg_latency": 3.057978742001069,
    "latencies": [
        3.057978742001069
    ],
    "percentiles": {
        "10": 3.057978742001069,
        "25": 3.057978742001069,
        "50": 3.057978742001069,
        "75": 3.057978742001069,
        "90": 3.057978742001069,
        "99": 3.057978742001069
    }
}