{
    "avg_latency": 7.667876366999991,
    "latencies": [
        7.667876366999991
    ],
    "percentiles": {
        "10": 7.667876366999991,
        "25": 7.667876366999991,
        "50": 7.667876366999991,
        "75": 7.667876366999991,
        "90": 7.667876366999991,
        "99": 7.667876366999991
    }
}