{
    "avg_latency": 7.780739820999997,
    "latencies": [
        7.780739820999997
    ],
    "percentiles": {
        "10": 7.780739820999997,
        "25": 7.780739820999997,
        "50": 7.780739820999997,
        "75": 7.780739820999997,
        "90": 7.780739820999997,
        "99": 7.780739820999997
    }
}