{
    "avg_latency": 0.21490096900015487,
    "latencies": [
        0.21490096900015487
    ],
    "percentiles": {
        "10": 0.21490096900015487,
        "25": 0.21490096900015487,
        "50": 0.21490096900015487,
        "75": 0.21490096900015487,
        "90": 0.21490096900015487,
        "99": 0.21490096900015487
    }
}