{
    "avg_latency": 2.801844607000021,
    "latencies": [
        2.801844607000021
    ],
    "percentiles": {
        "10": 2.801844607000021,
        "25": 2.801844607000021,
        "50": 2.801844607000021,
        "75": 2.801844607000021,
        "90": 2.801844607000021,
        "99": 2.801844607000021
    }
}