{
    "avg_latency": 2.110150776333588,
    "latencies": [
        2.0986698980004803,
        2.1159413619998304,
        2.115841069000453
    ],
    "percentiles": {
        "10": 2.1021041322004748,
        "25": 2.1072554835004667,
        "50": 2.115841069000453,
        "75": 2.1158912155001417,
        "90": 2.115921303399955,
        "99": 2.115939356139843
    }
}