{
    "avg_latency": 2.0334269779971996,
    "latencies": [
        2.034522695998021,
        2.0322867869981565,
        2.033471450995421
    ],
    "percentiles": {
        "10": 2.0325237197976094,
        "25": 2.0328791189967887,
        "50": 2.033471450995421,
        "75": 2.033997073496721,
        "90": 2.034312446997501,
        "99": 2.034501671097969
    }
}