{
    "avg_latency": 2.109586526331744,
    "latencies": [
        2.1146996410025167,
        2.114860604997375,
        2.0991993329953402
    ],
    "percentiles": {
        "10": 2.1022993945967756,
        "25": 2.1069494869989285,
        "50": 2.1146996410025167,
        "75": 2.114780122999946,
        "90": 2.1148284121984036,
        "99": 2.1148573857174777
    }
}