{
    "avg_latency": 2.4808667896665306,
    "latencies": [
        2.4814293629997337,
        2.4806422020001264,
        2.480528803999732
    ],
    "percentiles": {
        "10": 2.480551483599811,
        "25": 2.4805855029999293,
        "50": 2.4806422020001264,
        "75": 2.48103578249993,
        "90": 2.4812719307998123,
        "99": 2.4814136197797416
    }
}