{
    "avg_latency": 2.147717597663965,
    "latencies": [
        2.148065723995387,
        2.147576705996471,
        2.1475103630000376
    ],
    "percentiles": {
        "10": 2.1475236315993245,
        "25": 2.1475435344982543,
        "50": 2.147576705996471,
        "75": 2.147821214995929,
        "90": 2.1479679203956037,
        "99": 2.1480559436354087
    }
}