{
    "avg_latency": 2.0340163446665733,
    "latencies": [
        2.03479287799928,
        2.0333247150001625,
        2.033931441000277
    ],
    "percentiles": {
        "10": 2.0334460602001854,
        "25": 2.03362807800022,
        "50": 2.033931441000277,
        "75": 2.0343621594997785,
        "90": 2.0346205905994794,
        "99": 2.0347756492593
    }
}