{
    "avg_latency": 2.4815311720012687,
    "latencies": [
        2.481905534004909,
        2.480935266998131,
        2.4817527150007663
    ],
    "percentiles": {
        "10": 2.4810987565986578,
        "25": 2.4813439909994486,
        "50": 2.4817527150007663,
        "75": 2.4818291245028377,
        "90": 2.4818749702040805,
        "99": 2.481902477624826
    }
}