{
    "avg_latency": 36.27434647033321,
    "latencies": [
        36.27415580300294,
        36.27087542400113,
        36.27800818399555
    ],
    "percentiles": {
        "10": 36.2715314998015,
        "25": 36.27251561350204,
        "50": 36.27415580300294,
        "75": 36.27608199349925,
        "90": 36.27723770779703,
        "99": 36.2779311363757
    }
}