{
    "avg_latency": 5.999587611666509,
    "latencies": [
        5.998972874999708,
        6.000570116999825,
        5.999219842999992
    ],
    "percentiles": {
        "10": 5.999022268599765,
        "25": 5.99909635899985,
        "50": 5.999219842999992,
        "75": 5.999894979999908,
        "90": 6.000300062199858,
        "99": 6.000543111519828
    }
}