{
    "avg_latency": 2.482263820333344,
    "latencies": [
        2.481400291,
        2.482894697000006,
        2.482496473000026
    ],
    "percentiles": {
        "10": 2.4816195274000052,
        "25": 2.481948382000013,
        "50": 2.482496473000026,
        "75": 2.482695585000016,
        "90": 2.48281505220001,
        "99": 2.4828867325200066
    }
}