{
    "avg_latency": 2.4784302590000302,
    "latencies": [
        2.4784872680000944,
        2.4782711130000052,
        2.4785323959999914
    ],
    "percentiles": {
        "10": 2.4783143440000233,
        "25": 2.47837919050005,
        "50": 2.4784872680000944,
        "75": 2.478509832000043,
        "90": 2.478523370400012,
        "99": 2.4785314934399936
    }
}