{
    "avg_latency": 2.478941188333465,
    "latencies": [
        2.478262728000118,
        2.480013266000242,
        2.4785475710000355
    ],
    "percentiles": {
        "10": 2.4783196966001015,
        "25": 2.4784051495000767,
        "50": 2.4785475710000355,
        "75": 2.4792804185001387,
        "90": 2.4797201270002005,
        "99": 2.4799839521002376
    }
}