{
    "avg_latency": 36.55282528333191,
    "latencies": [
        36.55042476100061,
        36.55236872199748,
        36.555682366997644
    ],
    "percentiles": {
        "10": 36.55081355319999,
        "25": 36.55139674149905,
        "50": 36.55236872199748,
        "75": 36.55402554449756,
        "90": 36.55501963799761,
        "99": 36.555616094097644
    }
}