{
    "avg_latency": 5.318259114999971,
    "latencies": [
        5.304418734999899,
        5.35045613200009,
        5.299902477999922
    ],
    "percentiles": {
        "10": 5.300805729399917,
        "25": 5.3021606064999105,
        "50": 5.304418734999899,
        "75": 5.327437433499995,
        "90": 5.341248652600052,
        "99": 5.349535384060086
    }
}