{
    "avg_latency": 5.998861246666517,
    "latencies": [
        5.998599066999304,
        5.999797282000145,
        5.998187391000101
    ],
    "percentiles": {
        "10": 5.998269726199942,
        "25": 5.998393228999703,
        "50": 5.998599066999304,
        "75": 5.999198174499725,
        "90": 5.999557638999977,
        "99": 5.999773317700129
    }
}