{
    "avg_latency": 2.4794260016666763,
    "latencies": [
        2.480075172999932,
        2.478046739999627,
        2.4801560920004704
    ],
    "percentiles": {
        "10": 2.478452426599688,
        "25": 2.4790609564997794,
        "50": 2.480075172999932,
        "75": 2.480115632500201,
        "90": 2.480139908200363,
        "99": 2.4801544736204595
    }
}