{
    "avg_latency": 2.7663832683338114,
    "latencies": [
        2.7608298730010574,
        2.7770924209999066,
        2.7612275110004703
    ],
    "percentiles": {
        "10": 2.76090940060094,
        "25": 2.761028692000764,
        "50": 2.7612275110004703,
        "75": 2.7691599660001884,
        "90": 2.7739194390000192,
        "99": 2.776775122799918
    }
}