{
    "avg_latency": 71.73393947833392,
    "latencies": [
        71.73373966300278,
        71.7342146459996,
        71.73386412599939
    ],
    "percentiles": {
        "10": 71.73376455560211,
        "25": 71.73380189450108,
        "50": 71.73386412599939,
        "75": 71.7340393859995,
        "90": 71.73414454199956,
        "99": 71.7342076355996
    }
}