{
    "avg_latency": 2.1050897330000375,
    "latencies": [
        2.1007289599999694,
        2.0988158290001593,
        2.1157244099999843
    ],
    "percentiles": {
        "10": 2.0991984552001215,
        "25": 2.0997723945000644,
        "50": 2.1007289599999694,
        "75": 2.108226684999977,
        "90": 2.1127253199999814,
        "99": 2.115424500999984
    }
}