{
    "avg_latency": 10.593641025000048,
    "latencies": [
        10.59394367799996,
        10.593532995000032,
        10.593446402000154
    ],
    "percentiles": {
        "10": 10.59346372060013,
        "25": 10.593489698500093,
        "50": 10.593532995000032,
        "75": 10.593738336499996,
        "90": 10.593861541399974,
        "99": 10.59393546433996
    }
}