{
    "avg_latency": 2.726559660000324,
    "latencies": [
        2.7268802910002705,
        2.7261072670007707,
        2.7266914219999308
    ],
    "percentiles": {
        "10": 2.7262240980006025,
        "25": 2.7263993445003507,
        "50": 2.7266914219999308,
        "75": 2.7267858565001006,
        "90": 2.7268425172002027,
        "99": 2.7268765136202635
    }
}