{
    "avg_latency": 2.0385477203333267,
    "latencies": [
        2.039970471999993,
        2.0378872439999896,
        2.0377854449999973
    ],
    "percentiles": {
        "10": 2.0378058047999956,
        "25": 2.0378363444999934,
        "50": 2.0378872439999896,
        "75": 2.0389288579999914,
        "90": 2.0395538263999926,
        "99": 2.0399288074399933
    }
}