{
    "avg_latency": 18.17051357766665,
    "latencies": [
        18.17006363900009,
        18.170409340999868,
        18.17106775299999
    ],
    "percentiles": {
        "10": 18.170132779400046,
        "25": 18.17023648999998,
        "50": 18.170409340999868,
        "75": 18.170738546999928,
        "90": 18.170936070599964,
        "99": 18.171054584759986
    }
}