{
    "avg_latency": 2.031843115333307,
    "latencies": [
        2.031295107999995,
        2.032625155000005,
        2.031609082999921
    ],
    "percentiles": {
        "10": 2.03135790299998,
        "25": 2.031452095499958,
        "50": 2.031609082999921,
        "75": 2.032117118999963,
        "90": 2.0324219405999884,
        "99": 2.0326048335600033
    }
}