{
    "avg_latency": 10.685044016999958,
    "latencies": [
        10.684823871999924,
        10.684295883999766,
        10.686012295000182
    ],
    "percentiles": {
        "10": 10.684401481599798,
        "25": 10.684559877999845,
        "50": 10.684823871999924,
        "75": 10.685418083500053,
        "90": 10.68577461040013,
        "99": 10.685988526540177
    }
}