{
    "avg_latency": 18.39926741133336,
    "latencies": [
        18.418156166999978,
        18.386937983000053,
        18.39270808400005
    ],
    "percentiles": {
        "10": 18.38809200320005,
        "25": 18.38982303350005,
        "50": 18.39270808400005,
        "75": 18.405432125500013,
        "90": 18.413066550399993,
        "99": 18.41764720533998
    }
}