{
    "avg_latency": 2.1088838553332607,
    "latencies": [
        2.1093914250013768,
        2.108268896001391,
        2.1089912449970143
    ],
    "percentiles": {
        "10": 2.1084133658005157,
        "25": 2.1086300704992027,
        "50": 2.1089912449970143,
        "75": 2.1091913349991955,
        "90": 2.109311389000504,
        "99": 2.1093834214012896
    }
}