{
    "avg_latency": 2.4825028516667467,
    "latencies": [
        2.4968132930007414,
        2.4749905330027104,
        2.4757047289967886
    ],
    "percentiles": {
        "10": 2.475133372201526,
        "25": 2.4753476309997495,
        "50": 2.4757047289967886,
        "75": 2.486259010998765,
        "90": 2.4925915801999508,
        "99": 2.4963911217206625
    }
}