{
    "avg_latency": 2.154276185002042,
    "latencies": [
        2.154349877004279,
        2.1535150400013663,
        2.1549636380004813
    ],
    "percentiles": {
        "10": 2.1536820074019487,
        "25": 2.1539324585028226,
        "50": 2.154349877004279,
        "75": 2.15465675750238,
        "90": 2.154840885801241,
        "99": 2.154951362780557
    }
}