{
    "avg_latency": 2.113071327333311,
    "latencies": [
        2.121531957000002,
        2.101266280999994,
        2.116415743999937
    ],
    "percentiles": {
        "10": 2.1042961735999826,
        "25": 2.1088410124999655,
        "50": 2.116415743999937,
        "75": 2.1189738504999696,
        "90": 2.120508714399989,
        "99": 2.121429632740001
    }
}