{
    "avg_latency": 5.34554713233327,
    "latencies": [
        5.3453638500000125,
        5.344868690999874,
        5.346408855999925
    ],
    "percentiles": {
        "10": 5.344967722799902,
        "25": 5.345116270499943,
        "50": 5.3453638500000125,
        "75": 5.345886352999969,
        "90": 5.346199854799943,
        "99": 5.346387955879927
    }
}