{
    "avg_latency": 4.792881951333281,
    "latencies": [
        4.7928250189997925,
        4.792671134999182,
        4.793149700000868
    ],
    "percentiles": {
        "10": 4.792701911799304,
        "25": 4.792748076999487,
        "50": 4.7928250189997925,
        "75": 4.79298735950033,
        "90": 4.793084763800652,
        "99": 4.793143206380846
    }
}