{
    "avg_latency": 18.266323584997735,
    "latencies": [
        18.2668275190008,
        18.265265685993654,
        18.266877549998753
    ],
    "percentiles": {
        "10": 18.26557805259508,
        "25": 18.266046602497227,
        "50": 18.2668275190008,
        "75": 18.266852534499776,
        "90": 18.26686754379916,
        "99": 18.266876549378793
    }
}