{
    "avg_latency": 36.01789844633216,
    "latencies": [
        36.01364893899881,
        36.01639988899842,
        36.02364651099924
    ],
    "percentiles": {
        "10": 36.01419912899873,
        "25": 36.01502441399862,
        "50": 36.01639988899842,
        "75": 36.02002319999883,
        "90": 36.02219718659908,
        "99": 36.02350157855923
    }
}