{
    "avg_latency": 2.147703911666819,
    "latencies": [
        2.1476133490000393,
        2.1478967320003903,
        2.1476016540000273
    ],
    "percentiles": {
        "10": 2.14760399300003,
        "25": 2.1476075015000333,
        "50": 2.1476133490000393,
        "75": 2.147755040500215,
        "90": 2.1478400554003203,
        "99": 2.1478910643403832
    }
}