{
    "avg_latency": 18.221409532333343,
    "latencies": [
        18.175985534999995,
        18.31628684399999,
        18.171956218000048
    ],
    "percentiles": {
        "10": 18.172762081400037,
        "25": 18.17397087650002,
        "50": 18.175985534999995,
        "75": 18.246136189499992,
        "90": 18.28822658219999,
        "99": 18.31348081781999
    }
}