{
    "avg_latency": 36.36517919866552,
    "latencies": [
        36.36194491099741,
        36.362025948001246,
        36.37156673699792
    ],
    "percentiles": {
        "10": 36.36196111839818,
        "25": 36.36198542949933,
        "50": 36.362025948001246,
        "75": 36.36679634249958,
        "90": 36.369658579198585,
        "99": 36.37137592121799
    }
}