{
    "avg_latency": 71.68221129666684,
    "latencies": [
        71.68595518999791,
        71.67773125199892,
        71.68294744800369
    ],
    "percentiles": {
        "10": 71.67877449119987,
        "25": 71.6803393500013,
        "50": 71.68294744800369,
        "75": 71.6844513190008,
        "90": 71.68535364159906,
        "99": 71.68589503515803
    }
}