{
    "avg_latency": 35.98133739433009,
    "latencies": [
        35.98219026999868,
        35.982808344997466,
        35.979013567994116
    ],
    "percentiles": {
        "10": 35.97964890839503,
        "25": 35.9806019189964,
        "50": 35.98219026999868,
        "75": 35.982499307498074,
        "90": 35.98268472999771,
        "99": 35.98279598349749
    }
}