{
    "avg_latency": 36.458279074666656,
    "latencies": [
        36.45077459999993,
        36.464144157999954,
        36.45991846600009
    ],
    "percentiles": {
        "10": 36.45260337319996,
        "25": 36.45534653300001,
        "50": 36.45991846600009,
        "75": 36.46203131200002,
        "90": 36.46329901959998,
        "99": 36.46405964415996
    }
}