{
    "avg_latency": 10.48063318499995,
    "latencies": [
        10.50766059199998,
        10.507269077999922,
        10.426969884999949
    ],
    "percentiles": {
        "10": 10.443029723599944,
        "25": 10.467119481499935,
        "50": 10.507269077999922,
        "75": 10.50746483499995,
        "90": 10.507582289199968,
        "99": 10.507652761719978
    }
}