{
    "avg_latency": 6.032817012332695,
    "latencies": [
        6.032905460999245,
        6.033115285999884,
        6.032430289998956
    ],
    "percentiles": {
        "10": 6.032525324199014,
        "25": 6.032667875499101,
        "50": 6.032905460999245,
        "75": 6.033010373499565,
        "90": 6.0330733209997565,
        "99": 6.033111089499871
    }
}