{
    "avg_latency": 10.656127579999975,
    "latencies": [
        10.657236653999917,
        10.655987451999863,
        10.655158634000145
    ],
    "percentiles": {
        "10": 10.655324397600088,
        "25": 10.655573043000004,
        "50": 10.655987451999863,
        "75": 10.65661205299989,
        "90": 10.656986813599906,
        "99": 10.657211669959915
    }
}