{
    "avg_latency": 2.148470152000035,
    "latencies": [
        2.147970335000082,
        2.148146771000029,
        2.1492933499999936
    ],
    "percentiles": {
        "10": 2.1480056222000714,
        "25": 2.1480585530000553,
        "50": 2.148146771000029,
        "75": 2.148720060500011,
        "90": 2.1490640342000007,
        "99": 2.149270418419994
    }
}