{
    "avg_latency": 4.498845278665613,
    "latencies": [
        4.498664948998339,
        4.499116230999789,
        4.4987546559987095
    ],
    "percentiles": {
        "10": 4.498682890398413,
        "25": 4.498709802498524,
        "50": 4.4987546559987095,
        "75": 4.498935443499249,
        "90": 4.499043915999573,
        "99": 4.499108999499767
    }
}