{
    "avg_latency": 2.480028379333362,
    "latencies": [
        2.4799314470001264,
        2.4802376709999407,
        2.4799160200000188
    ],
    "percentiles": {
        "10": 2.4799191054000405,
        "25": 2.4799237335000726,
        "50": 2.4799314470001264,
        "75": 2.4800845590000336,
        "90": 2.4801764261999777,
        "99": 2.4802315465199443
    }
}