{
    "avg_latency": 36.086115416333314,
    "latencies": [
        35.97535437599993,
        35.98718885200003,
        36.29580302099998
    ],
    "percentiles": {
        "10": 35.97772127119995,
        "25": 35.98127161399998,
        "50": 35.98718885200003,
        "75": 36.14149593650001,
        "90": 36.23408018719999,
        "99": 36.28963073761999
    }
}