{
    "avg_latency": 72.71756310266665,
    "latencies": [
        72.71290270000009,
        72.7301540919998,
        72.70963251600006
    ],
    "percentiles": {
        "10": 72.71028655280006,
        "25": 72.71126760800007,
        "50": 72.71290270000009,
        "75": 72.72152839599994,
        "90": 72.72670381359985,
        "99": 72.7298090641598
    }
}