{
    "avg_latency": 6.261487913333288,
    "latencies": [
        6.26164779499959,
        6.2612480640000285,
        6.261567881000246
    ],
    "percentiles": {
        "10": 6.261312027400072,
        "25": 6.2614079725001375,
        "50": 6.261567881000246,
        "75": 6.261607837999918,
        "90": 6.261631812199721,
        "99": 6.261646196719603
    }
}