{
    "avg_latency": 2.034010672666833,
    "latencies": [
        2.03341785900011,
        2.035006312000405,
        2.0336078469999848
    ],
    "percentiles": {
        "10": 2.033455856600085,
        "25": 2.0335128530000475,
        "50": 2.0336078469999848,
        "75": 2.034307079500195,
        "90": 2.0347266190003213,
        "99": 2.0349783427003967
    }
}