{
    "avg_latency": 2.0996118849999825,
    "latencies": [
        2.1002755879999313,
        2.0988819039998816,
        2.099678163000135
    ],
    "percentiles": {
        "10": 2.0990411557999322,
        "25": 2.0992800335000084,
        "50": 2.099678163000135,
        "75": 2.099976875500033,
        "90": 2.1001561029999722,
        "99": 2.100263639499935
    }
}