{
    "avg_latency": 72.88041741966542,
    "latencies": [
        72.8770965069998,
        72.88424179199501,
        72.87991396000143
    ],
    "percentiles": {
        "10": 72.87765999760013,
        "25": 72.87850523350062,
        "50": 72.87991396000143,
        "75": 72.88207787599822,
        "90": 72.8833762255963,
        "99": 72.88415523535514
    }
}