{
    "avg_latency": 2.4767771436666712,
    "latencies": [
        2.4760562219998974,
        2.4770247129999916,
        2.4772504960001243
    ],
    "percentiles": {
        "10": 2.4762499201999164,
        "25": 2.4765404674999445,
        "50": 2.4770247129999916,
        "75": 2.477137604500058,
        "90": 2.477205339400098,
        "99": 2.4772459803401214
    }
}