{
    "avg_latency": 10.415569116333396,
    "latencies": [
        10.415273482000089,
        10.416449191000083,
        10.414984676000017
    ],
    "percentiles": {
        "10": 10.415042437200032,
        "25": 10.415129079000053,
        "50": 10.415273482000089,
        "75": 10.415861336500086,
        "90": 10.416214049200084,
        "99": 10.416425676820083
    }
}