{
    "avg_latency": 18.325673227,
    "latencies": [
        18.324328287999833,
        18.32459447600013,
        18.32809691700004
    ],
    "percentiles": {
        "10": 18.324381525599893,
        "25": 18.32446138199998,
        "50": 18.32459447600013,
        "75": 18.326345696500084,
        "90": 18.327396428800057,
        "99": 18.32802686818004
    }
}