{
    "avg_latency": 10.715219544666676,
    "latencies": [
        10.691034630999866,
        10.68593686500003,
        10.768687138000132
    ],
    "percentiles": {
        "10": 10.686956418199998,
        "25": 10.688485747999948,
        "50": 10.691034630999866,
        "75": 10.729860884499999,
        "90": 10.753156636600078,
        "99": 10.767134087860127
    }
}