{
    "avg_latency": 2.476918302333312,
    "latencies": [
        2.4767660519996753,
        2.477003550000063,
        2.4769853050001984
    ],
    "percentiles": {
        "10": 2.47680990259978,
        "25": 2.476875678499937,
        "50": 2.4769853050001984,
        "75": 2.4769944275001308,
        "90": 2.4769999010000903,
        "99": 2.477003185100066
    }
}