{
    "avg_latency": 18.09330003100331,
    "latencies": [
        18.08907888700196,
        18.09531861400319,
        18.095502592004777
    ],
    "percentiles": {
        "10": 18.090326832402205,
        "25": 18.092198750502575,
        "50": 18.09531861400319,
        "75": 18.095410603003984,
        "90": 18.09546579640446,
        "99": 18.095498912444747
    }
}