{
    "avg_latency": 2.154919342999998,
    "latencies": [
        2.154340205999972,
        2.1548921940000128,
        2.15552562900001
    ],
    "percentiles": {
        "10": 2.1544506035999804,
        "25": 2.1546161999999924,
        "50": 2.1548921940000128,
        "75": 2.1552089115000115,
        "90": 2.155398942000011,
        "99": 2.15551296030001
    }
}