{
    "avg_latency": 10.51765384533322,
    "latencies": [
        10.515728635999949,
        10.517771534999838,
        10.51946136499987
    ],
    "percentiles": {
        "10": 10.516137215799926,
        "25": 10.516750085499893,
        "50": 10.517771534999838,
        "75": 10.518616449999854,
        "90": 10.519123398999863,
        "99": 10.51942756839987
    }
}