{
    "avg_latency": 2.1058977256664853,
    "latencies": [
        2.1166905970021617,
        2.1005323589997715,
        2.100470220997522
    ],
    "percentiles": {
        "10": 2.100482648597972,
        "25": 2.100501289998647,
        "50": 2.1005323589997715,
        "75": 2.1086114780009666,
        "90": 2.1134589494016836,
        "99": 2.116367432242114
    }
}