{
    "avg_latency": 72.45449238366564,
    "latencies": [
        72.40771088199836,
        72.47599242899923,
        72.47977383999932
    ],
    "percentiles": {
        "10": 72.42136719139853,
        "25": 72.4418516554988,
        "50": 72.47599242899923,
        "75": 72.47788313449928,
        "90": 72.47901755779931,
        "99": 72.47969821177932
    }
}