{
    "avg_latency": 2.1059307783331556,
    "latencies": [
        2.1005574450000495,
        2.116679137999654,
        2.1005557519997637
    ],
    "percentiles": {
        "10": 2.100556090599821,
        "25": 2.1005565984999066,
        "50": 2.1005574450000495,
        "75": 2.1086182914998517,
        "90": 2.113454799399733,
        "99": 2.116356704139662
    }
}