{
    "avg_latency": 10.888415410333286,
    "latencies": [
        10.889123063999705,
        10.887646814000163,
        10.888476352999987
    ],
    "percentiles": {
        "10": 10.887812721800127,
        "25": 10.888061583500075,
        "50": 10.888476352999987,
        "75": 10.888799708499846,
        "90": 10.88899372179976,
        "99": 10.889110129779711
    }
}