{
    "avg_latency": 2.043214307333983,
    "latencies": [
        2.0430748509970726,
        2.0426751089980826,
        2.043892962006794
    ],
    "percentiles": {
        "10": 2.0427550573978808,
        "25": 2.0428749799975776,
        "50": 2.0430748509970726,
        "75": 2.0434839065019332,
        "90": 2.0437293398048495,
        "99": 2.0438765997865995
    }
}