{
    "avg_latency": 2.03257248066681,
    "latencies": [
        2.03132341699893,
        2.032677330000297,
        2.0337166950012033
    ],
    "percentiles": {
        "10": 2.0315941995992035,
        "25": 2.0320003734996135,
        "50": 2.032677330000297,
        "75": 2.03319701250075,
        "90": 2.0335088220010222,
        "99": 2.033695907701185
    }
}