{
    "avg_latency": 2.828467640000478,
    "latencies": [
        2.8283914840012585,
        2.82845959900078,
        2.828551836999395
    ],
    "percentiles": {
        "10": 2.8284051070011627,
        "25": 2.8284255415010193,
        "50": 2.82845959900078,
        "75": 2.8285057180000877,
        "90": 2.8285333893996722,
        "99": 2.828549992239423
    }
}