{
    "avg_latency": 4.369769995666502,
    "latencies": [
        4.369350420000046,
        4.370009088999723,
        4.369950477999737
    ],
    "percentiles": {
        "10": 4.369470431599984,
        "25": 4.3696504489998915,
        "50": 4.369950477999737,
        "75": 4.36997978349973,
        "90": 4.369997366799725,
        "99": 4.3700079167797234
    }
}