{
    "avg_latency": 71.99296689166658,
    "latencies": [
        71.97672493699793,
        71.97787846400024,
        72.02429727400158
    ],
    "percentiles": {
        "10": 71.9769556423984,
        "25": 71.97730170049908,
        "50": 71.97787846400024,
        "75": 72.00108786900091,
        "90": 72.01501351200132,
        "99": 72.02336889780156
    }
}