{
    "avg_latency": 10.885694150666646,
    "latencies": [
        10.885893945999896,
        10.885744980000027,
        10.885443526000017
    ],
    "percentiles": {
        "10": 10.88550381680002,
        "25": 10.885594253000022,
        "50": 10.885744980000027,
        "75": 10.885819462999962,
        "90": 10.885864152799922,
        "99": 10.885890966679899
    }
}