{
    "avg_latency": 2.033557282333883,
    "latencies": [
        2.033625732998189,
        2.0333440370013705,
        2.03370207700209
    ],
    "percentiles": {
        "10": 2.033400376200734,
        "25": 2.0334848849997798,
        "50": 2.033625732998189,
        "75": 2.0336639050001395,
        "90": 2.0336868082013098,
        "99": 2.033700550122012
    }
}