{
    "avg_latency": 10.775408599000002,
    "latencies": [
        10.775447312000097,
        10.773554565999802,
        10.777223919000107
    ],
    "percentiles": {
        "10": 10.773933115199862,
        "25": 10.77450093899995,
        "50": 10.775447312000097,
        "75": 10.776335615500102,
        "90": 10.776868597600105,
        "99": 10.777188386860107
    }
}