{
    "avg_latency": 6.099724516666659,
    "latencies": [
        6.099953206999999,
        6.0993041920000906,
        6.0999161509998885
    ],
    "percentiles": {
        "10": 6.09942658380005,
        "25": 6.0996101714999895,
        "50": 6.0999161509998885,
        "75": 6.099934678999944,
        "90": 6.099945795799977,
        "99": 6.099952465879997
    }
}