{
    "avg_latency": 5.406039683333802,
    "latencies": [
        5.4073224590010796,
        5.405151611001202,
        5.405644979999124
    ],
    "percentiles": {
        "10": 5.405250284800786,
        "25": 5.405398295500163,
        "50": 5.405644979999124,
        "75": 5.406483719500102,
        "90": 5.406986963200689,
        "99": 5.40728890942104
    }
}