{
    "avg_latency": 2.48798282033628,
    "latencies": [
        2.4874037240006146,
        2.4882747900046525,
        2.488269947003573
    ],
    "percentiles": {
        "10": 2.487576968601206,
        "25": 2.487836835502094,
        "50": 2.488269947003573,
        "75": 2.488272368504113,
        "90": 2.4882738214044364,
        "99": 2.4882746931446307
    }
}