{
    "avg_latency": 6.098248674000085,
    "latencies": [
        6.098654188999717,
        6.098329704000207,
        6.09776212900033
    ],
    "percentiles": {
        "10": 6.097875644000306,
        "25": 6.0980459165002685,
        "50": 6.098329704000207,
        "75": 6.098491946499962,
        "90": 6.098589291999815,
        "99": 6.098647699299727
    }
}