{
    "avg_latency": 71.78771450533289,
    "latencies": [
        71.80426717000046,
        71.7890761969993,
        71.76980014899891
    ],
    "percentiles": {
        "10": 71.77365535859899,
        "25": 71.77943817299911,
        "50": 71.7890761969993,
        "75": 71.79667168349988,
        "90": 71.80122897540022,
        "99": 71.80396335054043
    }
}