{
    "avg_latency": 72.40899891900092,
    "latencies": [
        72.4077399020025,
        72.404657486004,
        72.41459936899628
    ],
    "percentiles": {
        "10": 72.4052739692037,
        "25": 72.40619869400325,
        "50": 72.4077399020025,
        "75": 72.41116963549939,
        "90": 72.41322747559752,
        "99": 72.4144621796564
    }
}