{
    "avg_latency": 2.146280986333371,
    "latencies": [
        2.146222501000011,
        2.1463301260000662,
        2.146290332000035
    ],
    "percentiles": {
        "10": 2.146236067200016,
        "25": 2.146256416500023,
        "50": 2.146290332000035,
        "75": 2.1463102290000506,
        "90": 2.14632216720006,
        "99": 2.1463293301200657
    }
}