{
    "avg_latency": 2.0344388049999984,
    "latencies": [
        2.0336207269999704,
        2.034495750000019,
        2.035199938000005
    ],
    "percentiles": {
        "10": 2.03379573159998,
        "25": 2.034058238499995,
        "50": 2.034495750000019,
        "75": 2.034847844000012,
        "90": 2.035059100400008,
        "99": 2.0351858542400056
    }
}