{
    "avg_latency": 36.07093655699767,
    "latencies": [
        36.07202499899722,
        36.070004770001105,
        36.07077990199468
    ],
    "percentiles": {
        "10": 36.07015979639982,
        "25": 36.070392335997894,
        "50": 36.07077990199468,
        "75": 36.07140245049595,
        "90": 36.071775979596715,
        "99": 36.07200009705717
    }
}