{
    "avg_latency": 18.419426071666635,
    "latencies": [
        18.420288581000023,
        18.421036176999905,
        18.416953456999977
    ],
    "percentiles": {
        "10": 18.417620481799986,
        "25": 18.418621019,
        "50": 18.420288581000023,
        "75": 18.420662378999964,
        "90": 18.42088665779993,
        "99": 18.421021225079908
    }
}