{
    "avg_latency": 2.036541372331461,
    "latencies": [
        2.037426572002005,
        2.0364176599978236,
        2.035779884994554
    ],
    "percentiles": {
        "10": 2.0359074399952077,
        "25": 2.0360987724961888,
        "50": 2.0364176599978236,
        "75": 2.0369221159999142,
        "90": 2.0372247896011686,
        "99": 2.037406393761921
    }
}