{
    "avg_latency": 2.1193729736672444,
    "latencies": [
        2.1194094129969017,
        2.118889933000901,
        2.1198195750039304
    ],
    "percentiles": {
        "10": 2.118993829000101,
        "25": 2.1191496729989012,
        "50": 2.1194094129969017,
        "75": 2.119614494000416,
        "90": 2.1197375426025244,
        "99": 2.11981137176379
    }
}