{
    "avg_latency": 2.7324596696665444,
    "latencies": [
        2.7324561509994965,
        2.7325175240002864,
        2.73240533399985
    ],
    "percentiles": {
        "10": 2.732415497399779,
        "25": 2.732430742499673,
        "50": 2.7324561509994965,
        "75": 2.7324868374998914,
        "90": 2.7325052494001283,
        "99": 2.7325162965402705
    }
}