{
    "avg_latency": 18.148416988333338,
    "latencies": [
        18.145743751999987,
        18.15018937299999,
        18.149317840000037
    ],
    "percentiles": {
        "10": 18.146458569599996,
        "25": 18.147530796000012,
        "50": 18.149317840000037,
        "75": 18.149753606500013,
        "90": 18.150015066399998,
        "99": 18.15017194233999
    }
}