{
    "avg_latency": 36.410649104669574,
    "latencies": [
        36.40698484800669,
        36.40962832700461,
        36.41533413899742
    ],
    "percentiles": {
        "10": 36.407513543806274,
        "25": 36.40830658750565,
        "50": 36.40962832700461,
        "75": 36.41248123300102,
        "90": 36.41419297659886,
        "99": 36.415220022757566
    }
}