{
    "avg_latency": 5.287024047666591,
    "latencies": [
        5.287114325999937,
        5.286786763999999,
        5.287171052999838
    ],
    "percentiles": {
        "10": 5.286852276399986,
        "25": 5.286950544999968,
        "50": 5.287114325999937,
        "75": 5.287142689499888,
        "90": 5.287159707599858,
        "99": 5.28716991845984
    }
}