{
    "avg_latency": 2.1458282549992873,
    "latencies": [
        2.145762674999787,
        2.1461321329989005,
        2.1455899569991743
    ],
    "percentiles": {
        "10": 2.145624500599297,
        "25": 2.1456763159994807,
        "50": 2.145762674999787,
        "75": 2.145947403999344,
        "90": 2.1460582413990776,
        "99": 2.1461247438389184
    }
}