{
    "avg_latency": 35.93810973666647,
    "latencies": [
        35.935814117998234,
        35.93768012600049,
        35.94083496600069
    ],
    "percentiles": {
        "10": 35.93618731959869,
        "25": 35.93674712199936,
        "50": 35.93768012600049,
        "75": 35.93925754600059,
        "90": 35.940203998000655,
        "99": 35.94077186920069
    }
}