{
    "avg_latency": 2.0334026206666445,
    "latencies": [
        2.032722781999837,
        2.033667286999844,
        2.033817793000253
    ],
    "percentiles": {
        "10": 2.0329116829998384,
        "25": 2.0331950344998404,
        "50": 2.033667286999844,
        "75": 2.0337425400000484,
        "90": 2.033787691800171,
        "99": 2.0338147828802446
    }
}