{
    "avg_latency": 2.479295952662748,
    "latencies": [
        2.4798282889969414,
        2.477453360996151,
        2.4806062079951516
    ],
    "percentiles": {
        "10": 2.477928346596309,
        "25": 2.478640824996546,
        "50": 2.4798282889969414,
        "75": 2.4802172484960465,
        "90": 2.4804506241955098,
        "99": 2.4805906496151873
    }
}