{
    "avg_latency": 18.114313099334442,
    "latencies": [
        18.11415158300224,
        18.11368951899931,
        18.11509819600178
    ],
    "percentiles": {
        "10": 18.113781931799895,
        "25": 18.113920551000774,
        "50": 18.11415158300224,
        "75": 18.11462488950201,
        "90": 18.114908873401873,
        "99": 18.11507926374179
    }
}