{
    "avg_latency": 6.257393545999851,
    "latencies": [
        6.257179551999798,
        6.2578904399997555,
        6.257110646000001
    ],
    "percentiles": {
        "10": 6.25712442719996,
        "25": 6.257145098999899,
        "50": 6.257179551999798,
        "75": 6.257534995999777,
        "90": 6.257748262399764,
        "99": 6.257876222239756
    }
}