{
    "avg_latency": 72.68578062066565,
    "latencies": [
        72.68645849599852,
        72.68971407399658,
        72.68116929200187
    ],
    "percentiles": {
        "10": 72.6822271328012,
        "25": 72.6838138940002,
        "50": 72.68645849599852,
        "75": 72.68808628499755,
        "90": 72.68906295839697,
        "99": 72.68964896243662
    }
}