{
    "avg_latency": 2.149171436666317,
    "latencies": [
        2.152203197001654,
        2.147551329995622,
        2.147759783001675
    ],
    "percentiles": {
        "10": 2.1475930205968323,
        "25": 2.1476555564986484,
        "50": 2.147759783001675,
        "75": 2.1499814900016645,
        "90": 2.1513145142016583,
        "99": 2.1521143287216544
    }
}