{
    "avg_latency": 2.1493293516665894,
    "latencies": [
        2.149493995999819,
        2.148692631999893,
        2.1498014270000567
    ],
    "percentiles": {
        "10": 2.1488529047998783,
        "25": 2.149093313999856,
        "50": 2.149493995999819,
        "75": 2.149647711499938,
        "90": 2.1497399408000093,
        "99": 2.149795278380052
    }
}