{
    "avg_latency": 2.1564986399995782,
    "latencies": [
        2.1563637949948316,
        2.1561838350025937,
        2.15694829000131
    ],
    "percentiles": {
        "10": 2.156219827001041,
        "25": 2.1562738149987126,
        "50": 2.1563637949948316,
        "75": 2.1566560424980707,
        "90": 2.156831391000014,
        "99": 2.1569366001011803
    }
}