{
    "avg_latency": 72.52271332933257,
    "latencies": [
        72.52206952899724,
        72.52136316600081,
        72.52470729299966
    ],
    "percentiles": {
        "10": 72.52150443860009,
        "25": 72.52171634749902,
        "50": 72.52206952899724,
        "75": 72.52338841099845,
        "90": 72.52417974019917,
        "99": 72.52465453771961
    }
}