{
    "avg_latency": 2.1039563873328007,
    "latencies": [
        2.1146656250002707,
        2.0983858099989448,
        2.0988177269991866
    ],
    "percentiles": {
        "10": 2.098472193398993,
        "25": 2.0986017684990657,
        "50": 2.0988177269991866,
        "75": 2.1067416759997286,
        "90": 2.1114960454000538,
        "99": 2.114348667040249
    }
}