{
    "avg_latency": 36.292908263333324,
    "latencies": [
        36.28988004500002,
        36.297816842999964,
        36.291027901999996
    ],
    "percentiles": {
        "10": 36.29010961640002,
        "25": 36.29045397350001,
        "50": 36.291027901999996,
        "75": 36.29442237249998,
        "90": 36.29645905479997,
        "99": 36.29768106417996
    }
}