{
    "avg_latency": 71.85539208366693,
    "latencies": [
        71.8332812610006,
        71.87088067200057,
        71.86201431799964
    ],
    "percentiles": {
        "10": 71.83902787240041,
        "25": 71.84764778950012,
        "50": 71.86201431799964,
        "75": 71.8664474950001,
        "90": 71.86910740120038,
        "99": 71.87070334492054
    }
}