{
    "avg_latency": 4.470154711666207,
    "latencies": [
        4.470171645998562,
        4.470213733000492,
        4.470078755999566
    ],
    "percentiles": {
        "10": 4.470097333999365,
        "25": 4.470125200999064,
        "50": 4.470171645998562,
        "75": 4.470192689499527,
        "90": 4.470205315600106,
        "99": 4.470212891260453
    }
}