{
    "avg_latency": 18.319941676666645,
    "latencies": [
        18.32202958000005,
        18.319995484999936,
        18.31779996499995
    ],
    "percentiles": {
        "10": 18.318239068999947,
        "25": 18.318897724999943,
        "50": 18.319995484999936,
        "75": 18.321012532499992,
        "90": 18.321622761000025,
        "99": 18.321988898100045
    }
}