{
    "avg_latency": 10.637352293000049,
    "latencies": [
        10.634932208999999,
        10.637134578000087,
        10.639990092000062
    ],
    "percentiles": {
        "10": 10.635372682800016,
        "25": 10.636033393500043,
        "50": 10.637134578000087,
        "75": 10.638562335000074,
        "90": 10.639418989200067,
        "99": 10.639932981720062
    }
}