{
    "avg_latency": 71.968897408003,
    "latencies": [
        71.95958362200327,
        71.96630674500193,
        71.98080185700383
    ],
    "percentiles": {
        "10": 71.960928246603,
        "25": 71.9629451835026,
        "50": 71.96630674500193,
        "75": 71.97355430100288,
        "90": 71.97790283460344,
        "99": 71.98051195476378
    }
}