{
    "avg_latency": 2.7887279800052056,
    "latencies": [
        2.7887279800052056
    ],
    "percentiles": {
        "10": 2.7887279800052056,
        "25": 2.7887279800052056,
        "50": 2.7887279800052056,
        "75": 2.7887279800052056,
        "90": 2.7887279800052056,
        "99": 2.7887279800052056
    }
}