{
    "avg_latency": 2.734236193995457,
    "latencies": [
        2.734236193995457
    ],
    "percentiles": {
        "10": 2.734236193995457,
        "25": 2.734236193995457,
        "50": 2.734236193995457,
        "75": 2.734236193995457,
        "90": 2.734236193995457,
        "99": 2.734236193995457
    }
}