{
    "avg_latency": 0.5222603123402223,
    "latencies": [
        0.5220551480306312,
        0.522518398007378,
        0.5222073909826577
    ],
    "percentiles": {
        "10": 0.5220855966210365,
        "25": 0.5221312695066445,
        "50": 0.5222073909826577,
        "75": 0.5223628944950178,
        "90": 0.5224561966024339,
        "99": 0.5225121778668835
    }
}