{
    "avg_latency": 2.045654838322662,
    "latencies": [
        2.0428266779636033,
        2.0484718439984135,
        2.0456659930059686
    ],
    "percentiles": {
        "10": 2.043394540972076,
        "25": 2.044246335484786,
        "50": 2.0456659930059686,
        "75": 2.047068918502191,
        "90": 2.0479106737999246,
        "99": 2.0484157269785648
    }
}