{
    "avg_latency": 1.505829641983534,
    "latencies": [
        1.5060152710066177,
        1.5057631629751995,
        1.5057104919687845
    ],
    "percentiles": {
        "10": 1.5057210261700675,
        "25": 1.505736827471992,
        "50": 1.5057631629751995,
        "75": 1.5058892169909086,
        "90": 1.5059648494003341,
        "99": 1.5060102288459893
    }
}