{
    "avg_latency": 3.0008465506668167,
    "latencies": [
        3.0012830740006393,
        3.0007285769997907,
        3.0005280010000206
    ],
    "percentiles": {
        "10": 3.0005681161999744,
        "25": 3.0006282889999056,
        "50": 3.0007285769997907,
        "75": 3.001005825500215,
        "90": 3.0011721746004696,
        "99": 3.0012719840606223
    }
}