{
    "avg_latency": 8.983101339332885,
    "latencies": [
        8.98299596599918,
        8.98290455499955,
        8.983403496999927
    ],
    "percentiles": {
        "10": 8.982922837199476,
        "25": 8.982950260499365,
        "50": 8.98299596599918,
        "75": 8.983199731499553,
        "90": 8.983321990799777,
        "99": 8.983395346379911
    }
}