{
    "avg_latency": 10.428832334333492,
    "latencies": [
        10.421397224999964,
        10.430870893000247,
        10.434228885000266
    ],
    "percentiles": {
        "10": 10.423291958600021,
        "25": 10.426134059000105,
        "50": 10.430870893000247,
        "75": 10.432549889000256,
        "90": 10.433557286600262,
        "99": 10.434161725160266
    }
}