{
    "avg_latency": 4.0838316040002,
    "latencies": [
        4.079856517000735,
        4.084029972999815,
        4.087608322000051
    ],
    "percentiles": {
        "10": 4.080691208200551,
        "25": 4.081943245000275,
        "50": 4.084029972999815,
        "75": 4.085819147499933,
        "90": 4.086892652200004,
        "99": 4.0875367550200465
    }
}