{
    "avg_latency": 9.45076720433311,
    "latencies": [
        9.449083640000026,
        9.452076499999748,
        9.451141472999552
    ],
    "percentiles": {
        "10": 9.44949520659993,
        "25": 9.45011255649979,
        "50": 9.451141472999552,
        "75": 9.45160898649965,
        "90": 9.451889494599708,
        "99": 9.452057799459745
    }
}