{
    "avg_latency": 17.947910018333157,
    "latencies": [
        17.947653452999475,
        17.946989412999756,
        17.949087189000238
    ],
    "percentiles": {
        "10": 17.9471222209997,
        "25": 17.947321432999615,
        "50": 17.947653452999475,
        "75": 17.948370320999857,
        "90": 17.948800441800085,
        "99": 17.949058514280225
    }
}