{
    "avg_latency": 4.859772196333627,
    "latencies": [
        4.885653944000296,
        4.846704763000162,
        4.846957882000424
    ],
    "percentiles": {
        "10": 4.846755386800214,
        "25": 4.846831322500293,
        "50": 4.846957882000424,
        "75": 4.86630591300036,
        "90": 4.877914731600322,
        "99": 4.884880022760298
    }
}