{
    "avg_latency": 121.12852586666122,
    "latencies": [
        119.74045069696149,
        121.80230148800183,
        121.84282541502034
    ],
    "percentiles": {
        "10": 120.15282085516955,
        "25": 120.77137609248166,
        "50": 121.80230148800183,
        "75": 121.82256345151109,
        "90": 121.83472062961664,
        "99": 121.84201493647997
    }
}