{
    "avg_latency": 6.791262842656579,
    "latencies": [
        6.7918821959756315,
        6.790264859970193,
        6.791641472023912
    ],
    "percentiles": {
        "10": 6.790540182380937,
        "25": 6.790953165997053,
        "50": 6.791641472023912,
        "75": 6.791761833999772,
        "90": 6.791834051185288,
        "99": 6.791877381496597
    }
}