{
    "avg_latency": 17.153257707017474,
    "latencies": [
        17.168196426006034,
        16.89837686502142,
        17.39319983002497
    ],
    "percentiles": {
        "10": 16.952340777218343,
        "25": 17.033286645513726,
        "50": 17.168196426006034,
        "75": 17.2806981280155,
        "90": 17.34819914922118,
        "99": 17.38869976194459
    }
}