{
    "avg_latency": 18.39798038798229,
    "latencies": [
        18.399851185968146,
        18.40038915601326,
        18.393700821965467
    ],
    "percentiles": {
        "10": 18.394930894766002,
        "25": 18.396776003966806,
        "50": 18.399851185968146,
        "75": 18.400120170990704,
        "90": 18.40028156200424,
        "99": 18.40037839661236
    }
}