{
    "avg_latency": 145.3661192506746,
    "latencies": [
        146.03868044598494,
        142.92993895401014,
        147.12973835202865
    ],
    "percentiles": {
        "10": 143.5516872524051,
        "25": 144.48430969999754,
        "50": 146.03868044598494,
        "75": 146.5842093990068,
        "90": 146.9115267708199,
        "99": 147.10791719390778
    }
}