{
    "avg_latency": 15.41503124233956,
    "latencies": [
        15.41191050503403,
        15.420480852015316,
        15.412702369969338
    ],
    "percentiles": {
        "10": 15.412068878021092,
        "25": 15.412306437501684,
        "50": 15.412702369969338,
        "75": 15.416591610992327,
        "90": 15.418925155606122,
        "99": 15.420325282374398
    }
}