{
    "avg_latency": 26.50938796135597,
    "latencies": [
        26.703562713053543,
        26.42058580898447,
        26.404015362029895
    ],
    "percentiles": {
        "10": 26.40732945142081,
        "25": 26.412300585507182,
        "50": 26.42058580898447,
        "75": 26.562074261019006,
        "90": 26.64696733223973,
        "99": 26.69790317497216
    }
}