{
    "avg_latency": 2.2743986263521947,
    "latencies": [
        2.2744475310319103,
        2.27468004002003,
        2.2740683080046438
    ],
    "percentiles": {
        "10": 2.274144152610097,
        "25": 2.274257919518277,
        "50": 2.2744475310319103,
        "75": 2.27456378552597,
        "90": 2.274633538222406,
        "99": 2.2746753898402674
    }
}