{
    "avg_latency": 7.412308269333266,
    "latencies": [
        7.512462078999988,
        7.366098275999889,
        7.358364452999922
    ],
    "percentiles": {
        "10": 7.359911217599915,
        "25": 7.362231364499905,
        "50": 7.366098275999889,
        "75": 7.439280177499938,
        "90": 7.483189318399968,
        "99": 7.509534802939986
    }
}