{
    "avg_latency": 5.887422196000064,
    "latencies": [
        5.855660831000023,
        5.8880440370001,
        5.918561720000071
    ],
    "percentiles": {
        "10": 5.862137472200038,
        "25": 5.871852434000061,
        "50": 5.8880440370001,
        "75": 5.903302878500085,
        "90": 5.9124581834000765,
        "99": 5.917951366340072
    }
}