{
    "avg_latency": 18.087871792000026,
    "latencies": [
        18.052964699000086,
        18.255323663000013,
        17.955327013999977
    ],
    "percentiles": {
        "10": 17.974854551,
        "25": 18.00414585650003,
        "50": 18.052964699000086,
        "75": 18.15414418100005,
        "90": 18.21485187020003,
        "99": 18.251276483720016
    }
}