{
    "avg_latency": 2.0329683993343983,
    "latencies": [
        2.0330176380011835,
        2.032663122001395,
        2.033224438000616
    ],
    "percentiles": {
        "10": 2.0327340252013526,
        "25": 2.0328403800012893,
        "50": 2.0330176380011835,
        "75": 2.0331210380008997,
        "90": 2.0331830780007296,
        "99": 2.033220302000627
    }
}