{
    "avg_latency": 2.104922466666418,
    "latencies": [
        2.11576000399873,
        2.099769735999871,
        2.0992376600006537
    ],
    "percentiles": {
        "10": 2.0993440752004973,
        "25": 2.0995036980002624,
        "50": 2.099769735999871,
        "75": 2.1077648699993006,
        "90": 2.112561950398958,
        "99": 2.115440198638753
    }
}