{
    "avg_latency": 18.2111304166671,
    "latencies": [
        18.159169930000644,
        18.166462978999334,
        18.307758341001318
    ],
    "percentiles": {
        "10": 18.16062853980038,
        "25": 18.16281645449999,
        "50": 18.166462978999334,
        "75": 18.237110660000326,
        "90": 18.279499268600922,
        "99": 18.304932433761277
    }
}