{
    "avg_latency": 18.132296214667196,
    "latencies": [
        18.129228934998537,
        18.133827399000438,
        18.133832310002617
    ],
    "percentiles": {
        "10": 18.130148627798917,
        "25": 18.131528166999487,
        "50": 18.133827399000438,
        "75": 18.133829854501528,
        "90": 18.13383132780218,
        "99": 18.133832211782575
    }
}