{
    "avg_latency": 4.459625919000246,
    "latencies": [
        4.471270707999793,
        4.470987695000076,
        4.436619354000868
    ],
    "percentiles": {
        "10": 4.44349302220071,
        "25": 4.453803524500472,
        "50": 4.470987695000076,
        "75": 4.471129201499934,
        "90": 4.4712141053998495,
        "99": 4.471265047739799
    }
}