{
    "avg_latency": 5.996771078000165,
    "latencies": [
        5.995732753999619,
        5.997398796000198,
        5.9971816840006795
    ],
    "percentiles": {
        "10": 5.996022539999831,
        "25": 5.996457219000149,
        "50": 5.9971816840006795,
        "75": 5.997290240000439,
        "90": 5.9973553736002945,
        "99": 5.997394453760207
    }
}