{
    "avg_latency": 38.20348445699991,
    "latencies": [
        38.28781633299991,
        38.23021962199982,
        38.09241741599999
    ],
    "percentiles": {
        "10": 38.119977857199956,
        "25": 38.161318518999906,
        "50": 38.23021962199982,
        "75": 38.259017977499866,
        "90": 38.27629699079989,
        "99": 38.286664398779905
    }
}