{
    "avg_latency": 14.722299213666702,
    "latencies": [
        14.707515143000137,
        14.632101336999995,
        14.827281160999974
    ],
    "percentiles": {
        "10": 14.647184098200023,
        "25": 14.669808240000066,
        "50": 14.707515143000137,
        "75": 14.767398152000055,
        "90": 14.803327957400006,
        "99": 14.824885840639977
    }
}