{
    "avg_latency": 10.853441430000052,
    "latencies": [
        10.950199172000112,
        10.913114381000014,
        10.697010737000028
    ],
    "percentiles": {
        "10": 10.740231465800026,
        "25": 10.80506255900002,
        "50": 10.913114381000014,
        "75": 10.931656776500063,
        "90": 10.942782213800092,
        "99": 10.94945747618011
    }
}