{
    "avg_latency": 5.4335877449999925,
    "latencies": [
        5.414515066999968,
        5.363568078000014,
        5.522680089999994
    ],
    "percentiles": {
        "10": 5.373757475800005,
        "25": 5.389041572499991,
        "50": 5.414515066999968,
        "75": 5.468597578499981,
        "90": 5.501047085399989,
        "99": 5.520516789539994
    }
}