{
    "avg_latency": 11.343535828333339,
    "latencies": [
        11.523339979000013,
        11.084744521999994,
        11.422522984000011
    ],
    "percentiles": {
        "10": 11.152300214399997,
        "25": 11.253633753000003,
        "50": 11.422522984000011,
        "75": 11.472931481500012,
        "90": 11.503176580000012,
        "99": 11.521323639100013
    }
}