{
    "avg_latency": 2.146807801332519,
    "latencies": [
        2.1462759999994887,
        2.146381767001003,
        2.1477656369970646
    ],
    "percentiles": {
        "10": 2.1462971533997917,
        "25": 2.146328883500246,
        "50": 2.146381767001003,
        "75": 2.147073701999034,
        "90": 2.1474888629978524,
        "99": 2.1477379595971433
    }
}