{
    "avg_latency": 10.716549895999682,
    "latencies": [
        10.79041136199885,
        10.66598842500025,
        10.693249900999945
    ],
    "percentiles": {
        "10": 10.67144072020019,
        "25": 10.679619163000098,
        "50": 10.693249900999945,
        "75": 10.741830631499397,
        "90": 10.770979069799068,
        "99": 10.78846813277887
    }
}