{
    "avg_latency": 36.02995202499975,
    "latencies": [
        35.94680212299863,
        36.211240444001305,
        35.93181350799932
    ],
    "percentiles": {
        "10": 35.93481123099919,
        "25": 35.93930781549898,
        "50": 35.94680212299863,
        "75": 36.07902128349997,
        "90": 36.15835277980077,
        "99": 36.205951677581254
    }
}