{
    "avg_latency": 36.28228379866778,
    "latencies": [
        36.283170935999806,
        36.280427196001256,
        36.28325326400227
    ],
    "percentiles": {
        "10": 36.280975944000964,
        "25": 36.28179906600053,
        "50": 36.283170935999806,
        "75": 36.28321210000104,
        "90": 36.283236798401774,
        "99": 36.28325161744222
    }
}