{
    "avg_latency": 35.96086194666714,
    "latencies": [
        35.95874094700048,
        35.95993126599933,
        35.9639136270016
    ],
    "percentiles": {
        "10": 35.95897901080025,
        "25": 35.959336106499904,
        "50": 35.95993126599933,
        "75": 35.961922446500466,
        "90": 35.96311715480115,
        "99": 35.963833979781555
    }
}