{
    "avg_latency": 6.054984949999683,
    "latencies": [
        6.031044991999806,
        6.031405727000674,
        6.102504130998568
    ],
    "percentiles": {
        "10": 6.03111713899998,
        "25": 6.03122535950024,
        "50": 6.031405727000674,
        "75": 6.066954928999621,
        "90": 6.088284450198989,
        "99": 6.10108216291861
    }
}