{
    "avg_latency": 4.36923403600061,
    "latencies": [
        4.368336141000327,
        4.369440322003356,
        4.369925644998148
    ],
    "percentiles": {
        "10": 4.368556977200933,
        "25": 4.368888231501842,
        "50": 4.369440322003356,
        "75": 4.369682983500752,
        "90": 4.369828580399189,
        "99": 4.369915938538252
    }
}