{
    "avg_latency": 10.77683734833287,
    "latencies": [
        10.775919272000465,
        10.777392285999667,
        10.777200486998481
    ],
    "percentiles": {
        "10": 10.776175515000068,
        "25": 10.776559879499473,
        "50": 10.777200486998481,
        "75": 10.777296386499074,
        "90": 10.77735392619943,
        "99": 10.777388450019643
    }
}