{
    "avg_latency": 6.091324143999373,
    "latencies": [
        6.091467182999622,
        6.091411766999954,
        6.091093481998541
    ],
    "percentiles": {
        "10": 6.091157138998824,
        "25": 6.091252624499248,
        "50": 6.091411766999954,
        "75": 6.091439474999788,
        "90": 6.0914560997996885,
        "99": 6.091466074679629
    }
}