{
    "avg_latency": 18.31191396000092,
    "latencies": [
        18.31113163700138,
        18.31141528200169,
        18.31319496099968
    ],
    "percentiles": {
        "10": 18.311188366001442,
        "25": 18.311273459501535,
        "50": 18.31141528200169,
        "75": 18.312305121500685,
        "90": 18.312839025200084,
        "99": 18.313159367419722
    }
}