{
    "avg_latency": 10.650773080666113,
    "latencies": [
        10.649443332000374,
        10.650363882999955,
        10.65251202699801
    ],
    "percentiles": {
        "10": 10.64962744220029,
        "25": 10.649903607500164,
        "50": 10.650363882999955,
        "75": 10.651437954998983,
        "90": 10.652082398198399,
        "99": 10.65246906411805
    }
}