{
    "avg_latency": 4.492057104333071,
    "latencies": [
        4.496219834996737,
        4.483396280000306,
        4.49655519800217
    ],
    "percentiles": {
        "10": 4.485960990999592,
        "25": 4.4898080574985215,
        "50": 4.496219834996737,
        "75": 4.496387516499453,
        "90": 4.496488125401084,
        "99": 4.496548490742061
    }
}