{
  "model": "prm1p5b",
  "model_cfg": {
    "display_name": "Skywork-o1-Open-PRM-Qwen-2.5-1.5B",
    "hidden": 1536,
    "intermediate": 8960
  },
  "config": {
    "num_tokens": [
      16,
      64,
      128
    ],
    "slice_fracs": [
      0.1,
      0.3
    ],
    "warmup": 5,
    "iters": 20
  },
  "rows": [
    {
      "N": 16,
      "f": 0.1,
      "uniform_col": {
        "total_ms": 0.5526193502126261,
        "pcie_bytes": 398112,
        "steps": {
          "h2d_x": 0.006748799979686737,
          "cpu_mlp1": 0.32800365006551147,
          "d2h_gate_up": 0.009286400070413947,
          "gpu_concat_swiglu": 0.012835200177505612,
          "h2d_intermediate": 0.014467200124636292,
          "cpu_mlp2": 0.1640572998439893,
          "d2h_output": 0.0069536000024527315,
          "gpu_concat_output": 0.010267199948430061
        }
      },
      "col_to_row": {
        "total_ms": 0.5216613004158717,
        "pcie_bytes": 98304,
        "steps": {
          "h2d_x": 0.006735999998636544,
          "cpu_mlp1": 0.3160542000841815,
          "cpu_swiglu": 0.014355550229083747,
          "cpu_mlp2_row": 0.1708883501123637,
          "d2h_partial": 0.0069983999477699396,
          "gpu_add": 0.006628800043836236
        }
      }
    },
    {
      "N": 16,
      "f": 0.3,
      "uniform_col": {
        "total_ms": 1.4615591001929717,
        "pcie_bytes": 522624,
        "steps": {
          "h2d_x": 0.0064479999477043744,
          "cpu_mlp1": 0.9446351003134623,
          "d2h_gate_up": 0.00859839995391667,
          "gpu_concat_swiglu": 0.01413280013948679,
          "h2d_intermediate": 0.014382400177419185,
          "cpu_mlp2": 0.45621519966516644,
          "d2h_output": 0.0068911999929696325,
          "gpu_concat_output": 0.010256000002846122
        }
      },
      "col_to_row": {
        "total_ms": 1.440886100177886,
        "pcie_bytes": 98304,
        "steps": {
          "h2d_x": 0.0068512000143527985,
          "cpu_mlp1": 0.9480057000473607,
          "cpu_swiglu": 0.02290010015713051,
          "cpu_mlp2_row": 0.4490778999752365,
          "d2h_partial": 0.00707680000923574,
          "gpu_add": 0.0069743999745696785
        }
      }
    },
    {
      "N": 64,
      "f": 0.1,
      "uniform_col": {
        "total_ms": 2.029329701064853,
        "pcie_bytes": 1592448,
        "steps": {
          "h2d_x": 0.010614399937912822,
          "cpu_mlp1": 1.274518750142306,
          "d2h_gate_up": 0.010742400027811527,
          "gpu_concat_swiglu": 0.014144000038504601,
          "h2d_intermediate": 0.05053920093923807,
          "cpu_mlp2": 0.651433350139996,
          "d2h_output": 0.007143999985419214,
          "gpu_concat_output": 0.010193599853664637
        }
      },
      "col_to_row": {
        "total_ms": 2.017268950736616,
        "pcie_bytes": 393216,
        "steps": {
          "h2d_x": 0.010625599883496761,
          "cpu_mlp1": 1.277666600071825,
          "cpu_swiglu": 0.027632550336420536,
          "cpu_mlp2_row": 0.6847458003903739,
          "d2h_partial": 0.009600000036880375,
          "gpu_add": 0.006998400017619133
        }
      }
    },
    {
      "N": 64,
      "f": 0.3,
      "uniform_col": {
        "total_ms": 5.792917850048981,
        "pcie_bytes": 2090496,
        "steps": {
          "h2d_x": 0.010631999932229519,
          "cpu_mlp1": 3.8149107997014653,
          "d2h_gate_up": 0.028201599698513748,
          "gpu_concat_swiglu": 0.013193599972873926,
          "h2d_intermediate": 0.05056960079818964,
          "cpu_mlp2": 1.8580086500151083,
          "d2h_output": 0.007115199975669384,
          "gpu_concat_output": 0.010286399954929948
        }
      },
      "col_to_row": {
        "total_ms": 5.69683640046278,
        "pcie_bytes": 393216,
        "steps": {
          "h2d_x": 0.01063199988566339,
          "cpu_mlp1": 3.8163395496667363,
          "cpu_swiglu": 0.029575150256277993,
          "cpu_mlp2_row": 1.8234929004393052,
          "d2h_partial": 0.009686400135979056,
          "gpu_add": 0.007110400078818202
        }
      }
    },
    {
      "N": 128,
      "f": 0.1,
      "uniform_col": {
        "total_ms": 4.014205796999158,
        "pcie_bytes": 3184896,
        "steps": {
          "h2d_x": 0.01883839974179864,
          "cpu_mlp1": 2.538830350385979,
          "d2h_gate_up": 0.019494400080293416,
          "gpu_concat_swiglu": 0.014134400011971592,
          "h2d_intermediate": 0.09842399694025517,
          "cpu_mlp2": 1.3072762500087265,
          "d2h_output": 0.007127999956719577,
          "gpu_concat_output": 0.010079999873414635
        }
      },
      "col_to_row": {
        "total_ms": 4.0028135002357885,
        "pcie_bytes": 786432,
        "steps": {
          "h2d_x": 0.018838399834930897,
          "cpu_mlp1": 2.559510449646041,
          "cpu_swiglu": 0.02836339990608394,
          "cpu_mlp2_row": 1.3720676506636664,
          "d2h_partial": 0.017011200170964004,
          "gpu_add": 0.007022400014102459
        }
      }
    },
    {
      "N": 128,
      "f": 0.3,
      "uniform_col": {
        "total_ms": 11.634051396278664,
        "pcie_bytes": 4180992,
        "steps": {
          "h2d_x": 0.01884800000116229,
          "cpu_mlp1": 7.67104365004343,
          "d2h_gate_up": 0.054715199396014214,
          "gpu_concat_swiglu": 0.013707199972122908,
          "h2d_intermediate": 0.09842879734933377,
          "cpu_mlp2": 3.7598221497319173,
          "d2h_output": 0.007155199954286218,
          "gpu_concat_output": 0.010331199830397963
        }
      },
      "col_to_row": {
        "total_ms": 11.459723000851227,
        "pcie_bytes": 786432,
        "steps": {
          "h2d_x": 0.018903999868780375,
          "cpu_mlp1": 7.66849865030963,
          "cpu_swiglu": 0.08838439971441403,
          "cpu_mlp2_row": 3.6598431506718043,
          "d2h_partial": 0.01701920023187995,
          "gpu_add": 0.007073600054718554
        }
      }
    }
  ]
}