{
    "avg_latency": 2.457365665002726,
    "latencies": [
        2.457365665002726
    ],
    "percentiles": {
        "10": 2.457365665002726,
        "25": 2.457365665002726,
        "50": 2.457365665002726,
        "75": 2.457365665002726,
        "90": 2.457365665002726,
        "99": 2.457365665002726
    }
}