{
    "avg_latency": 2.294946396010346,
    "latencies": [
        2.294946396010346
    ],
    "percentiles": {
        "10": 2.294946396010346,
        "25": 2.294946396010346,
        "50": 2.294946396010346,
        "75": 2.294946396010346,
        "90": 2.294946396010346,
        "99": 2.294946396010346
    }
}