{
    "avg_latency": 2.4211716829886427,
    "latencies": [
        2.4211716829886427
    ],
    "percentiles": {
        "10": 2.4211716829886427,
        "25": 2.4211716829886427,
        "50": 2.4211716829886427,
        "75": 2.4211716829886427,
        "90": 2.4211716829886427,
        "99": 2.4211716829886427
    }
}