{
    "avg_latency": 2.4739934190001804,
    "latencies": [
        2.4739934190001804
    ],
    "percentiles": {
        "10": 2.4739934190001804,
        "25": 2.4739934190001804,
        "50": 2.4739934190001804,
        "75": 2.4739934190001804,
        "90": 2.4739934190001804,
        "99": 2.4739934190001804
    }
}