{
    "avg_latency": 2.5832253090047743,
    "latencies": [
        2.5832253090047743
    ],
    "percentiles": {
        "10": 2.5832253090047743,
        "25": 2.5832253090047743,
        "50": 2.5832253090047743,
        "75": 2.5832253090047743,
        "90": 2.5832253090047743,
        "99": 2.5832253090047743
    }
}