{
    "avg_latency": 2.038948228000663,
    "latencies": [
        2.038948228000663
    ],
    "percentiles": {
        "10": 2.038948228000663,
        "25": 2.038948228000663,
        "50": 2.038948228000663,
        "75": 2.038948228000663,
        "90": 2.038948228000663,
        "99": 2.038948228000663
    }
}