{
    "avg_latency": 54.640091889324445,
    "latencies": [
        54.73146529099904,
        54.23355075198924,
        54.95525962498505
    ],
    "percentiles": {
        "10": 54.3331336597912,
        "25": 54.48250802149414,
        "50": 54.73146529099904,
        "75": 54.84336245799204,
        "90": 54.910500758187844,
        "99": 54.950783738305326
    }
}