{
    "avg_latency": 11.881698262674036,
    "latencies": [
        11.839566272014054,
        11.881237088004127,
        11.924291428003926
    ],
    "percentiles": {
        "10": 11.847900435212068,
        "25": 11.86040168000909,
        "50": 11.881237088004127,
        "75": 11.902764258004026,
        "90": 11.915680560003967,
        "99": 11.92343034120393
    }
}