{
    "avg_latency": 40.68524374734261,
    "latencies": [
        40.87978124502115,
        40.77736819701386,
        40.398581799992826
    ],
    "percentiles": {
        "10": 40.47433907939703,
        "25": 40.58797499850334,
        "50": 40.77736819701386,
        "75": 40.8285747210175,
        "90": 40.85929863541969,
        "99": 40.877732984061005
    }
}