{
    "avg_latency": 118.72138432834375,
    "latencies": [
        118.65953487099614,
        118.91551347801578,
        118.58910463601933
    ],
    "percentiles": {
        "10": 118.60319068301469,
        "25": 118.62431975350773,
        "50": 118.65953487099614,
        "75": 118.78752417450596,
        "90": 118.86431775661185,
        "99": 118.9103939058754
    }
}