{
    "avg_latency": 0.889303555000121,
    "latencies": [
        0.8885092630002873,
        0.890398561999973,
        0.8890028400001029
    ],
    "percentiles": {
        "10": 0.8886079784002504,
        "25": 0.8887560515001951,
        "50": 0.8890028400001029,
        "75": 0.889700701000038,
        "90": 0.890119417599999,
        "99": 0.8903706475599756
    }
}