{
    "avg_latency": 0.5211998093333629,
    "latencies": [
        0.5212650590001431,
        0.5210955520001335,
        0.5212388169998121
    ],
    "percentiles": {
        "10": 0.5211242050000692,
        "25": 0.5211671844999728,
        "50": 0.5212388169998121,
        "75": 0.5212519379999776,
        "90": 0.5212598106000769,
        "99": 0.5212645341601365
    }
}