{
    "avg_latency": 2.0351287913334395,
    "latencies": [
        2.034721596000054,
        2.0371770960000504,
        2.0334876820002137
    ],
    "percentiles": {
        "10": 2.033734464800182,
        "25": 2.034104639000134,
        "50": 2.034721596000054,
        "75": 2.035949346000052,
        "90": 2.036685996000051,
        "99": 2.0371279860000504
    }
}