{
    "avg_latency": 4.868188815999929,
    "latencies": [
        4.888713551999899,
        4.858661426999788,
        4.8571914690000995
    ],
    "percentiles": {
        "10": 4.857485460600037,
        "25": 4.857926447999944,
        "50": 4.858661426999788,
        "75": 4.873687489499844,
        "90": 4.882703126999877,
        "99": 4.888112509499897
    }
}