{
    "avg_latency": 20.480229250999855,
    "latencies": [
        20.480506592999973,
        20.47810950799976,
        20.48207165199983
    ],
    "percentiles": {
        "10": 20.478588924999805,
        "25": 20.479308050499867,
        "50": 20.480506592999973,
        "75": 20.481289122499902,
        "90": 20.48175864019986,
        "99": 20.482040350819833
    }
}