{
    "avg_latency": 5.964732851333186,
    "latencies": [
        5.942661559000044,
        5.954434064999987,
        5.997102929999528
    ],
    "percentiles": {
        "10": 5.945016060200032,
        "25": 5.948547812000015,
        "50": 5.954434064999987,
        "75": 5.975768497499757,
        "90": 5.98856915699962,
        "99": 5.996249552699537
    }
}