{
    "avg_latency": 1.9669452133333227,
    "latencies": [
        1.9659969409999576,
        1.9663429120000728,
        1.968495786999938
    ],
    "percentiles": {
        "10": 1.9660661351999806,
        "25": 1.9661699265000152,
        "50": 1.9663429120000728,
        "75": 1.9674193495000054,
        "90": 1.9680652119999649,
        "99": 1.9684527294999408
    }
}