{
    "avg_latency": 17.93570515866668,
    "latencies": [
        17.935549072999947,
        17.93543416300008,
        17.936132240000006
    ],
    "percentiles": {
        "10": 17.935457145000054,
        "25": 17.935491618000015,
        "50": 17.935549072999947,
        "75": 17.935840656499977,
        "90": 17.936015606599994,
        "99": 17.936120576660006
    }
}