{
    "avg_latency": 2.0157166776668114,
    "latencies": [
        2.0133266330003607,
        2.0158539119993293,
        2.0179694880007446
    ],
    "percentiles": {
        "10": 2.0138320888001546,
        "25": 2.014590272499845,
        "50": 2.0158539119993293,
        "75": 2.016911700000037,
        "90": 2.0175463728004615,
        "99": 2.0179271764807165
    }
}