{
    "avg_latency": 2.009393523666404,
    "latencies": [
        2.00628709800003,
        2.011228382999434,
        2.0106650899997476
    ],
    "percentiles": {
        "10": 2.0071626963999734,
        "25": 2.0084760939998887,
        "50": 2.0106650899997476,
        "75": 2.0109467364995908,
        "90": 2.0111157243994966,
        "99": 2.01121711713944
    }
}