{
    "avg_latency": 18.825454483000005,
    "latencies": [
        18.81750950200012,
        18.824085246999857,
        18.83476870000004
    ],
    "percentiles": {
        "10": 18.818824651000067,
        "25": 18.82079737449999,
        "50": 18.824085246999857,
        "75": 18.82942697349995,
        "90": 18.832632009400005,
        "99": 18.834555030940038
    }
}