{
    "avg_latency": 4.101067897000273,
    "latencies": [
        4.130264929000077,
        4.086183222000727,
        4.086755540000013
    ],
    "percentiles": {
        "10": 4.086297685600584,
        "25": 4.08646938100037,
        "50": 4.086755540000013,
        "75": 4.108510234500045,
        "90": 4.121563051200065,
        "99": 4.129394741220076
    }
}