{
    "avg_latency": 0.521744748666606,
    "latencies": [
        0.5219000630004302,
        0.521580640999673,
        0.5217535419997148
    ],
    "percentiles": {
        "10": 0.5216152211996814,
        "25": 0.5216670914996939,
        "50": 0.5217535419997148,
        "75": 0.5218268025000725,
        "90": 0.5218707588002871,
        "99": 0.5218971325804159
    }
}