{
    "avg_latency": 2.668367704666707,
    "latencies": [
        2.6677803310003583,
        2.668793707999612,
        2.6685290750001514
    ],
    "percentiles": {
        "10": 2.6679300798003167,
        "25": 2.668154703000255,
        "50": 2.6685290750001514,
        "75": 2.6686613914998816,
        "90": 2.6687407813997197,
        "99": 2.6687884153396224
    }
}