{
    "avg_latency": 2.634893598332989,
    "latencies": [
        2.6344773600003464,
        2.631976162999308,
        2.6382272719993125
    ],
    "percentiles": {
        "10": 2.632476402399516,
        "25": 2.6332267614998273,
        "50": 2.6344773600003464,
        "75": 2.6363523159998294,
        "90": 2.637477289599519,
        "99": 2.6381522737593333
    }
}