{
    "avg_latency": 1.865464425333812,
    "latencies": [
        1.8659163110005466,
        1.8652784100004283,
        1.865198555000461
    ],
    "percentiles": {
        "10": 1.8652145260004545,
        "25": 1.8652384825004447,
        "50": 1.8652784100004283,
        "75": 1.8655973605004874,
        "90": 1.865788730800523,
        "99": 1.8659035529805441
    }
}