{
    "avg_latency": 0.5231196173334259,
    "latencies": [
        0.5230698100003792,
        0.5230316850002055,
        0.523257356999693
    ],
    "percentiles": {
        "10": 0.5230393100002402,
        "25": 0.5230507475002923,
        "50": 0.5230698100003792,
        "75": 0.5231635835000361,
        "90": 0.5232198475998302,
        "99": 0.5232536060597067
    }
}