{
    "avg_latency": 0.8844193233332286,
    "latencies": [
        0.8848675270000967,
        0.8820539139996981,
        0.886336528999891
    ],
    "percentiles": {
        "10": 0.8826166365997778,
        "25": 0.8834607204998974,
        "50": 0.8848675270000967,
        "75": 0.8856020279999939,
        "90": 0.8860427285999322,
        "99": 0.8863071489598952
    }
}