{
    "avg_latency": 0.5218778076665936,
    "latencies": [
        0.5216672719998314,
        0.5218676289996438,
        0.5220985220003058
    ],
    "percentiles": {
        "10": 0.5217073433997939,
        "25": 0.5217674504997376,
        "50": 0.5218676289996438,
        "75": 0.5219830754999748,
        "90": 0.5220523434001734,
        "99": 0.5220939041402926
    }
}