{
    "avg_latency": 1.9825502083337294,
    "latencies": [
        1.9832137800003693,
        1.9831655750003847,
        1.981271270000434
    ],
    "percentiles": {
        "10": 1.9816501310004242,
        "25": 1.9822184225004094,
        "50": 1.9831655750003847,
        "75": 1.983189677500377,
        "90": 1.9832041390003723,
        "99": 1.9832128159003697
    }
}