{
    "avg_latency": 2.8102873650022957,
    "latencies": [
        2.8102873650022957
    ],
    "percentiles": {
        "10": 2.8102873650022957,
        "25": 2.8102873650022957,
        "50": 2.8102873650022957,
        "75": 2.8102873650022957,
        "90": 2.8102873650022957,
        "99": 2.8102873650022957
    }
}