{
    "avg_latency": 2.783196553999005,
    "latencies": [
        2.783196553999005
    ],
    "percentiles": {
        "10": 2.783196553999005,
        "25": 2.783196553999005,
        "50": 2.783196553999005,
        "75": 2.783196553999005,
        "90": 2.783196553999005,
        "99": 2.783196553999005
    }
}