{
    "avg_latency": 2.522670501999528,
    "latencies": [
        2.522670501999528
    ],
    "percentiles": {
        "10": 2.522670501999528,
        "25": 2.522670501999528,
        "50": 2.522670501999528,
        "75": 2.522670501999528,
        "90": 2.522670501999528,
        "99": 2.522670501999528
    }
}