{
    "avg_latency": 2.5348605510007474,
    "latencies": [
        2.5348605510007474
    ],
    "percentiles": {
        "10": 2.5348605510007474,
        "25": 2.5348605510007474,
        "50": 2.5348605510007474,
        "75": 2.5348605510007474,
        "90": 2.5348605510007474,
        "99": 2.5348605510007474
    }
}