{
    "avg_latency": 2.6559389979993284,
    "latencies": [
        2.6559389979993284
    ],
    "percentiles": {
        "10": 2.6559389979993284,
        "25": 2.6559389979993284,
        "50": 2.6559389979993284,
        "75": 2.6559389979993284,
        "90": 2.6559389979993284,
        "99": 2.6559389979993284
    }
}