{
    "avg_latency": 2.6155685250014358,
    "latencies": [
        2.6155685250014358
    ],
    "percentiles": {
        "10": 2.6155685250014358,
        "25": 2.6155685250014358,
        "50": 2.6155685250014358,
        "75": 2.6155685250014358,
        "90": 2.6155685250014358,
        "99": 2.6155685250014358
    }
}