{
    "avg_latency": 2.8995816339993326,
    "latencies": [
        2.8995816339993326
    ],
    "percentiles": {
        "10": 2.8995816339993326,
        "25": 2.8995816339993326,
        "50": 2.8995816339993326,
        "75": 2.8995816339993326,
        "90": 2.8995816339993326,
        "99": 2.8995816339993326
    }
}