{
    "avg_latency": 2.7713351719976345,
    "latencies": [
        2.7713351719976345
    ],
    "percentiles": {
        "10": 2.7713351719976345,
        "25": 2.7713351719976345,
        "50": 2.7713351719976345,
        "75": 2.7713351719976345,
        "90": 2.7713351719976345,
        "99": 2.7713351719976345
    }
}