{
    "avg_latency": 2.0426991249987623,
    "latencies": [
        2.0426991249987623
    ],
    "percentiles": {
        "10": 2.0426991249987623,
        "25": 2.0426991249987623,
        "50": 2.0426991249987623,
        "75": 2.0426991249987623,
        "90": 2.0426991249987623,
        "99": 2.0426991249987623
    }
}