{
    "avg_latency": 41.05870703499992,
    "latencies": [
        40.93543915900045,
        41.189981247000105,
        41.05070069899921
    ],
    "percentiles": {
        "10": 40.9584914670002,
        "25": 40.99306992899983,
        "50": 41.05070069899921,
        "75": 41.12034097299966,
        "90": 41.162125137399926,
        "99": 41.18719563604009
    }
}