{
    "avg_latency": 22.433723130333117,
    "latencies": [
        22.209670628999902,
        22.372265286999664,
        22.719233474999783
    ],
    "percentiles": {
        "10": 22.242189560599854,
        "25": 22.290967957999783,
        "50": 22.372265286999664,
        "75": 22.545749380999723,
        "90": 22.64983983739976,
        "99": 22.712294111239782
    }
}