{
    "avg_latency": 3.8722982783328916,
    "latencies": [
        3.8576511020000908,
        3.8886379999985365,
        3.8706057330000476
    ],
    "percentiles": {
        "10": 3.860242028200082,
        "25": 3.864128417500069,
        "50": 3.8706057330000476,
        "75": 3.879621866499292,
        "90": 3.8850315465988388,
        "99": 3.888277354658567
    }
}