{
    "avg_latency": 5.257019876333288,
    "latencies": [
        5.301799012999254,
        5.260677354999643,
        5.2085832610009675
    ],
    "percentiles": {
        "10": 5.219002079800703,
        "25": 5.234630308000305,
        "50": 5.260677354999643,
        "75": 5.281238183999449,
        "90": 5.293574681399332,
        "99": 5.300976579839261
    }
}