{
    "avg_latency": 30.33207390534032,
    "latencies": [
        30.418202288012253,
        30.23378485000285,
        30.344234578005853
    ],
    "percentiles": {
        "10": 30.25587479560345,
        "25": 30.28900971400435,
        "50": 30.344234578005853,
        "75": 30.381218433009053,
        "90": 30.403408746010975,
        "99": 30.416722933812125
    }
}