{
    "avg_latency": 41.99026365133856,
    "latencies": [
        42.59603559000243,
        42.13861786801135,
        41.2361374960019
    ],
    "percentiles": {
        "10": 41.41663357040379,
        "25": 41.68737768200663,
        "50": 42.13861786801135,
        "75": 42.36732672900689,
        "90": 42.504552045604214,
        "99": 42.58688723556261
    }
}