{
    "avg_latency": 31.35819565366546,
    "latencies": [
        31.576573332000407,
        31.13543359200412,
        31.362580036991858
    ],
    "percentiles": {
        "10": 31.180862881001666,
        "25": 31.24900681449799,
        "50": 31.362580036991858,
        "75": 31.469576684496133,
        "90": 31.533774672998696,
        "99": 31.572293466100238
    }
}