{
    "avg_latency": 14.029580558333086,
    "latencies": [
        14.01010833699911,
        14.163031969999793,
        13.915601368000353
    ],
    "percentiles": {
        "10": 13.934502761800104,
        "25": 13.962854852499731,
        "50": 14.01010833699911,
        "75": 14.086570153499451,
        "90": 14.132447243399657,
        "99": 14.159973497339779
    }
}