{
    "avg_latency": 29.922504076666883,
    "latencies": [
        29.55238165800074,
        30.284928205999677,
        29.93020236600023
    ],
    "percentiles": {
        "10": 29.62794579960064,
        "25": 29.741292012000486,
        "50": 29.93020236600023,
        "75": 30.107565285999954,
        "90": 30.21398303799979,
        "99": 30.27783368919969
    }
}