{
    "avg_latency": 25.946760493333688,
    "latencies": [
        25.682210060000216,
        26.07472172800044,
        26.08334969200041
    ],
    "percentiles": {
        "10": 25.76071239360026,
        "25": 25.87846589400033,
        "50": 26.07472172800044,
        "75": 26.079035710000426,
        "90": 26.08162409920042,
        "99": 26.08317713272041
    }
}