{
    "avg_latency": 34.37955200666814,
    "latencies": [
        34.355806120001944,
        34.608989341999404,
        34.17386055800307
    ],
    "percentiles": {
        "10": 34.210249670402845,
        "25": 34.26483333900251,
        "50": 34.355806120001944,
        "75": 34.482397731000674,
        "90": 34.558352697599915,
        "99": 34.60392567755945
    }
}