{
    "avg_latency": 9.902575724666653,
    "latencies": [
        10.000749115999497,
        9.893565747999673,
        9.813412310000786
    ],
    "percentiles": {
        "10": 9.829442997600562,
        "25": 9.85348902900023,
        "50": 9.893565747999673,
        "75": 9.947157431999585,
        "90": 9.979312442399532,
        "99": 9.9986054486395
    }
}