{
    "avg_latency": 18.33526105666594,
    "latencies": [
        17.785487488999934,
        18.87856960999852,
        18.341726070999357
    ],
    "percentiles": {
        "10": 17.896735205399818,
        "25": 18.063606779999645,
        "50": 18.341726070999357,
        "75": 18.61014784049894,
        "90": 18.77120090219869,
        "99": 18.86783273921854
    }
}