{
    "avg_latency": 4.542978471332996,
    "latencies": [
        4.539232670998899,
        4.62722325499999,
        4.462479488000099
    ],
    "percentiles": {
        "10": 4.477830124599859,
        "25": 4.500856079499499,
        "50": 4.539232670998899,
        "75": 4.583227962999445,
        "90": 4.609625138199772,
        "99": 4.625463443319968
    }
}