{
    "avg_latency": 18.208412621994892,
    "latencies": [
        18.91299264099507,
        17.63867276099336,
        18.073572463996243
    ],
    "percentiles": {
        "10": 17.725652701593937,
        "25": 17.8561226124948,
        "50": 18.073572463996243,
        "75": 18.493282552495657,
        "90": 18.745108605595306,
        "99": 18.896204237455095
    }
}