{
    "avg_latency": 15.027664739000102,
    "latencies": [
        15.07174867699905,
        14.978409953000664,
        15.03283558700059
    ],
    "percentiles": {
        "10": 14.98929507980065,
        "25": 15.005622770000627,
        "50": 15.03283558700059,
        "75": 15.05229213199982,
        "90": 15.063966058999359,
        "99": 15.070970415199081
    }
}