{
    "avg_latency": 7.610041163333032,
    "latencies": [
        7.489335634998497,
        7.814714394000475,
        7.526073461000124
    ],
    "percentiles": {
        "10": 7.496683200198822,
        "25": 7.50770454799931,
        "50": 7.526073461000124,
        "75": 7.6703939275002995,
        "90": 7.756986207400405,
        "99": 7.8089415753404685
    }
}