{
    "avg_latency": 21.44583366966678,
    "latencies": [
        21.3394352610012,
        21.33420900499914,
        21.663856742999997
    ],
    "percentiles": {
        "10": 21.33525425619955,
        "25": 21.33682213300017,
        "50": 21.3394352610012,
        "75": 21.501646002000598,
        "90": 21.598972446600236,
        "99": 21.65736831336002
    }
}