{
    "elapsed_time": 81.40215338300914,
    "num_requests": 1024,
    "total_num_tokens": 655360,
    "requests_per_second": 12.579519797000074,
    "tokens_per_second": 8050.8926700800475
}