{
    "elapsed_time": 120.58474879898131,
    "num_requests": 1024,
    "total_num_tokens": 655360,
    "requests_per_second": 8.491952839799346,
    "tokens_per_second": 5434.8498174715805
}