{
    "elapsed_time": 571.3068140889518,
    "num_requests": 1024,
    "total_num_tokens": 655360,
    "requests_per_second": 1.792381912393162,
    "tokens_per_second": 1147.1244239316236
}