{
    "avg_latency": 65.65478349734137,
    "latencies": [
        65.72754445800092,
        65.68954014600604,
        65.54726588801714
    ],
    "percentiles": {
        "10": 65.57572073961492,
        "25": 65.61840301701159,
        "50": 65.68954014600604,
        "75": 65.70854230200348,
        "90": 65.71994359560195,
        "99": 65.72678437176103
    }
}