{
    "avg_latency": 2.7230353540120027,
    "latencies": [
        2.7244936029892415,
        2.722879817010835,
        2.7217326420359313
    ],
    "percentiles": {
        "10": 2.721962077030912,
        "25": 2.722306229523383,
        "50": 2.722879817010835,
        "75": 2.723686710000038,
        "90": 2.72417084579356,
        "99": 2.7244613272696734
    }
}