{
    "avg_latency": 2.7257920523406938,
    "latencies": [
        2.7199827590375207,
        2.7356722420081496,
        2.721721155976411
    ],
    "percentiles": {
        "10": 2.720330438425299,
        "25": 2.720851957506966,
        "50": 2.721721155976411,
        "75": 2.7286966989922803,
        "90": 2.732882024801802,
        "99": 2.7353932202875146
    }
}