{
    "avg_latency": 2.745522544001384,
    "latencies": [
        2.743592348007951,
        2.7411964680068195,
        2.7517788159893826
    ],
    "percentiles": {
        "10": 2.7416756440070458,
        "25": 2.742394408007385,
        "50": 2.743592348007951,
        "75": 2.7476855819986667,
        "90": 2.750141522393096,
        "99": 2.7516150866297537
    }
}