{
    "avg_latency": 2.5579220030049328,
    "latencies": [
        2.571684520007693,
        2.5648651030060137,
        2.5372163860010915
    ],
    "percentiles": {
        "10": 2.542746129402076,
        "25": 2.5510407445035526,
        "50": 2.5648651030060137,
        "75": 2.5682748115068534,
        "90": 2.570320636607357,
        "99": 2.57154813166766
    }
}