{
    "avg_latency": 2.323288658003245,
    "latencies": [
        2.309695780000766,
        2.334544639001251,
        2.3256255550077185
    ],
    "percentiles": {
        "10": 2.3128817350021564,
        "25": 2.317660667504242,
        "50": 2.3256255550077185,
        "75": 2.330085097004485,
        "90": 2.3327608222025447,
        "99": 2.3343662573213804
    }
}