{
    "avg_latency": 2.494823370997134,
    "latencies": [
        2.498361293997732,
        2.4986455350008328,
        2.487463283992838
    ],
    "percentiles": {
        "10": 2.489642885993817,
        "25": 2.492912288995285,
        "50": 2.498361293997732,
        "75": 2.4985034144992824,
        "90": 2.4985886868002125,
        "99": 2.498639850180771
    }
}