{
    "avg_latency": 2.5415159903398794,
    "latencies": [
        2.542376637997222,
        2.533461780010839,
        2.5487095530115766
    ],
    "percentiles": {
        "10": 2.535244751608116,
        "25": 2.5379192090040306,
        "50": 2.542376637997222,
        "75": 2.5455430955043994,
        "90": 2.5474429700087056,
        "99": 2.5485828947112896
    }
}