{
    "avg_latency": 2.530721969664834,
    "latencies": [
        2.5083680599927902,
        2.5369550369941862,
        2.546842812007526
    ],
    "percentiles": {
        "10": 2.5140854553930696,
        "25": 2.5226615484934882,
        "50": 2.5369550369941862,
        "75": 2.541898924500856,
        "90": 2.544865257004858,
        "99": 2.546645056507259
    }
}