{
    "avg_latency": 2.52941818900581,
    "latencies": [
        2.5274331490072655,
        2.5369320129975677,
        2.5238894050125964
    ],
    "percentiles": {
        "10": 2.5245981538115303,
        "25": 2.525661277009931,
        "50": 2.5274331490072655,
        "75": 2.5321825810024166,
        "90": 2.535032240199507,
        "99": 2.5367420357177615
    }
}