{
    "avg_latency": 2.4943805190026374,
    "latencies": [
        2.4891283300094074,
        2.4907994079985656,
        2.5032138189999387
    ],
    "percentiles": {
        "10": 2.489462545607239,
        "25": 2.4899638690039865,
        "50": 2.4907994079985656,
        "75": 2.497006613499252,
        "90": 2.500730936799664,
        "99": 2.5029655307799112
    }
}