{
    "avg_latency": 186.4441276913276,
    "latencies": [
        184.7620801289886,
        187.29318174999207,
        187.2771211950021
    ],
    "percentiles": {
        "10": 185.2650883421913,
        "25": 186.01960066199536,
        "50": 187.2771211950021,
        "75": 187.2851514724971,
        "90": 187.28996963899408,
        "99": 187.29286053889228
    }
}