{
    "avg_latency": 2.505801462335512,
    "latencies": [
        2.508689434005646,
        2.5038409260014305,
        2.5048740269994596
    ],
    "percentiles": {
        "10": 2.5040475462010363,
        "25": 2.504357476500445,
        "50": 2.5048740269994596,
        "75": 2.506781730502553,
        "90": 2.5079263526044087,
        "99": 2.5086131258655224
    }
}