{
    "avg_latency": 119.32973894033057,
    "latencies": [
        119.52336954399652,
        118.97880797099788,
        119.48703930599731
    ],
    "percentiles": {
        "10": 119.08045423799777,
        "25": 119.2329236384976,
        "50": 119.48703930599731,
        "75": 119.50520442499692,
        "90": 119.51610349639668,
        "99": 119.52264293923653
    }
}