{
    "avg_latency": 2.3416321933376216,
    "latencies": [
        2.3381115840020357,
        2.337679037009366,
        2.349105959001463
    ],
    "percentiles": {
        "10": 2.3377655464079,
        "25": 2.3378953105057008,
        "50": 2.3381115840020357,
        "75": 2.3436087715017493,
        "90": 2.3469070840015775,
        "99": 2.3488860715014743
    }
}