{
    "avg_latency": 2.3515761429880513,
    "latencies": [
        2.3515761429880513
    ],
    "percentiles": {
        "10": 2.3515761429880513,
        "25": 2.3515761429880513,
        "50": 2.3515761429880513,
        "75": 2.3515761429880513,
        "90": 2.3515761429880513,
        "99": 2.3515761429880513
    }
}