{
    "avg_latency": 123.168528739004,
    "latencies": [
        123.1922541350068,
        123.05814978999842,
        123.2551822920068
    ],
    "percentiles": {
        "10": 123.0849706590001,
        "25": 123.12520196250262,
        "50": 123.1922541350068,
        "75": 123.2237182135068,
        "90": 123.2425966606068,
        "99": 123.2539237288668
    }
}