{
    "avg_latency": 2.3090382913311864,
    "latencies": [
        2.3060201250045793,
        2.308102137001697,
        2.3129926119872835
    ],
    "percentiles": {
        "10": 2.306436527404003,
        "25": 2.307061131003138,
        "50": 2.308102137001697,
        "75": 2.31054737449449,
        "90": 2.3120145169901662,
        "99": 2.3128948024875715
    }
}