{
    "avg_latency": 2.6050025313306833,
    "latencies": [
        2.6068033530027606,
        2.6182633169955807,
        2.5899409239937086
    ],
    "percentiles": {
        "10": 2.593313409795519,
        "25": 2.5983721384982346,
        "50": 2.6068033530027606,
        "75": 2.6125333349991706,
        "90": 2.615971324197017,
        "99": 2.6180341177157245
    }
}