{
    "avg_latency": 192.57933613166583,
    "latencies": [
        193.4288935259974,
        192.37790372299787,
        191.93121114600217
    ],
    "percentiles": {
        "10": 192.0205496614013,
        "25": 192.15455743450002,
        "50": 192.37790372299787,
        "75": 192.90339862449764,
        "90": 193.2186955653975,
        "99": 193.40787372993742
    }
}