{
    "avg_latency": 2.431355745662586,
    "latencies": [
        2.382871014997363,
        2.430660860001808,
        2.4805353619885864
    ],
    "percentiles": {
        "10": 2.392428983998252,
        "25": 2.4067659374995856,
        "50": 2.430660860001808,
        "75": 2.455598110995197,
        "90": 2.470560461591231,
        "99": 2.479537871948851
    }
}