{
    "avg_latency": 2.5351286020013504,
    "latencies": [
        2.5351286020013504
    ],
    "percentiles": {
        "10": 2.5351286020013504,
        "25": 2.5351286020013504,
        "50": 2.5351286020013504,
        "75": 2.5351286020013504,
        "90": 2.5351286020013504,
        "99": 2.5351286020013504
    }
}