{
    "avg_latency": 2.488794090333007,
    "latencies": [
        2.478528314997675,
        2.5032044969993876,
        2.4846494590019574
    ],
    "percentiles": {
        "10": 2.4797525437985315,
        "25": 2.481588886999816,
        "50": 2.4846494590019574,
        "75": 2.4939269780006725,
        "90": 2.4994934893999017,
        "99": 2.502833396239439
    }
}