{
    "avg_latency": 2.3488047100011804,
    "latencies": [
        2.354811132987379,
        2.341306768008508,
        2.350296229007654
    ],
    "percentiles": {
        "10": 2.343104660208337,
        "25": 2.345801498508081,
        "50": 2.350296229007654,
        "75": 2.3525536809975165,
        "90": 2.3539081521914342,
        "99": 2.3547208349077846
    }
}