{
    "avg_latency": 2.0325841339945327,
    "latencies": [
        2.0325841339945327
    ],
    "percentiles": {
        "10": 2.0325841339945327,
        "25": 2.0325841339945327,
        "50": 2.0325841339945327,
        "75": 2.0325841339945327,
        "90": 2.0325841339945327,
        "99": 2.0325841339945327
    }
}