{
    "avg_latency": 2.0333197946699024,
    "latencies": [
        2.0342731550044846,
        2.0326968290028162,
        2.032989400002407
    ],
    "percentiles": {
        "10": 2.0327553432027345,
        "25": 2.0328431145026116,
        "50": 2.032989400002407,
        "75": 2.0336312775034457,
        "90": 2.034016404004069,
        "99": 2.034247479904443
    }
}