{
    "avg_latency": 2.0324109829962254,
    "latencies": [
        2.0324109829962254
    ],
    "percentiles": {
        "10": 2.0324109829962254,
        "25": 2.0324109829962254,
        "50": 2.0324109829962254,
        "75": 2.0324109829962254,
        "90": 2.0324109829962254,
        "99": 2.0324109829962254
    }
}