{
    "avg_latency": 2.0322528820009516,
    "latencies": [
        2.032277485006489,
        2.0323832940048305,
        2.032097866991535
    ],
    "percentiles": {
        "10": 2.032133790594526,
        "25": 2.032187675999012,
        "50": 2.032277485006489,
        "75": 2.0323303895056597,
        "90": 2.0323621322051624,
        "99": 2.0323811778248637
    }
}