{
  "model": "Qwen/Qwen2.5-7B-Instruct",
  "input_len": 8,
  "output_len": 128,
  "f": 0.05,
  "batches": [
    1
  ],
  "threads": [
    16
  ],
  "num_iters": 3,
  "none": {
    "1": 2.0333197946699024
  },
  "none_capture": {
    "1": 2.0322528820009516
  },
  "cots": {
    "cots_005_python_eager_dryrun_t16": {
      "1": 2.530721969664834
    },
    "cots_005_native_eager_dryrun_t16": {
      "1": 2.3488047100011804
    },
    "cots_005_native_capture_dryrun_t16": {
      "1": 2.52941818900581
    },
    "cots_005_native_capture_real_t16": {
      "1": 119.32973894033057
    }
  }
}