{
  "model": "Qwen/Qwen2.5-7B-Instruct",
  "input_len": 8,
  "output_len": 128,
  "f": 0.05,
  "batches": [
    1
  ],
  "threads": [
    4,
    8,
    16
  ],
  "num_iters": 3,
  "none": {
    "1": 2.0333197946699024
  },
  "none_capture": {
    "1": 2.0322528820009516
  },
  "cots": {
    "cots_005_python_eager_dryrun_t4": {
      "1": 2.488794090333007
    },
    "cots_005_native_eager_dryrun_t4": {
      "1": 2.3416321933376216
    },
    "cots_005_native_eager_real_t4": {
      "1": 2.431355745662586
    },
    "cots_005_native_capture_dryrun_t4": {
      "1": 2.505801462335512
    },
    "cots_005_native_capture_real_t4": {
      "1": 192.57933613166583
    },
    "cots_005_python_eager_dryrun_t8": {
      "1": 2.5415159903398794
    },
    "cots_005_native_eager_dryrun_t8": {
      "1": 2.3090382913311864
    },
    "cots_005_native_eager_real_t8": {
      "1": 2.5579220030049328
    },
    "cots_005_native_capture_dryrun_t8": {
      "1": 2.4943805190026374
    },
    "cots_005_native_capture_real_t8": {
      "1": 186.4441276913276
    },
    "cots_005_python_eager_dryrun_t16": {
      "1": 2.530721969664834
    },
    "cots_005_native_eager_dryrun_t16": {
      "1": 2.323288658003245
    },
    "cots_005_native_eager_real_t16": {
      "1": 2.6050025313306833
    },
    "cots_005_native_capture_dryrun_t16": {
      "1": 2.494823370997134
    },
    "cots_005_native_capture_real_t16": {
      "1": 123.168528739004
    }
  }
}