{
    "avg_latency": 3.1598863346638004,
    "latencies": [
        3.161097806005273,
        3.1669955859833863,
        3.1515656120027415
    ],
    "percentiles": {
        "10": 3.1534720508032477,
        "25": 3.1563317090040073,
        "50": 3.161097806005273,
        "75": 3.1640466959943296,
        "90": 3.165816029987764,
        "99": 3.166877630383824
    }
}