{
    "avg_latency": 3.225335486669792,
    "latencies": [
        3.231617217999883,
        3.2621629940113053,
        3.1822262479981873
    ],
    "percentiles": {
        "10": 3.1921044419985263,
        "25": 3.206921732999035,
        "50": 3.231617217999883,
        "75": 3.246890106005594,
        "90": 3.256053838809021,
        "99": 3.2615520784910768
    }
}