{
    "avg_latency": 3.2365029320062604,
    "latencies": [
        3.1938858610228635,
        3.2490252970019355,
        3.266597637993982
    ],
    "percentiles": {
        "10": 3.204913748218678,
        "25": 3.2214555790123995,
        "50": 3.2490252970019355,
        "75": 3.257811467497959,
        "90": 3.2630831697955727,
        "99": 3.266246191174141
    }
}