{
    "avg_latency": 4.519564592997388,
    "latencies": [
        4.508184951002477,
        4.486456966988044,
        4.564051861001644
    ],
    "percentiles": {
        "10": 4.490802563790931,
        "25": 4.49732095899526,
        "50": 4.508184951002477,
        "75": 4.5361184060020605,
        "90": 4.55287847900181,
        "99": 4.562934522801661
    }
}