{
    "avg_latency": 2.0332944273250178,
    "latencies": [
        2.0343071339884773,
        2.0325506659864914,
        2.0330254820000846
    ],
    "percentiles": {
        "10": 2.03264562918921,
        "25": 2.032788073993288,
        "50": 2.0330254820000846,
        "75": 2.033666307994281,
        "90": 2.034050803590799,
        "99": 2.0342815009487096
    }
}