{
    "avg_latency": 3.053121974999158,
    "latencies": [
        3.053121974999158
    ],
    "percentiles": {
        "10": 3.053121974999158,
        "25": 3.053121974999158,
        "50": 3.053121974999158,
        "75": 3.053121974999158,
        "90": 3.053121974999158,
        "99": 3.053121974999158
    }
}