{
    "avg_latency": 3.0319021270006488,
    "latencies": [
        3.0319021270006488
    ],
    "percentiles": {
        "10": 3.0319021270006488,
        "25": 3.0319021270006488,
        "50": 3.0319021270006488,
        "75": 3.0319021270006488,
        "90": 3.0319021270006488,
        "99": 3.0319021270006488
    }
}