{
    "avg_latency": 2.301452887999403,
    "latencies": [
        2.301452887999403
    ],
    "percentiles": {
        "10": 2.301452887999403,
        "25": 2.301452887999403,
        "50": 2.301452887999403,
        "75": 2.301452887999403,
        "90": 2.301452887999403,
        "99": 2.301452887999403
    }
}