{
    "avg_latency": 2.0420148680004786,
    "latencies": [
        2.0420148680004786
    ],
    "percentiles": {
        "10": 2.0420148680004786,
        "25": 2.0420148680004786,
        "50": 2.0420148680004786,
        "75": 2.0420148680004786,
        "90": 2.0420148680004786,
        "99": 2.0420148680004786
    }
}