{
    "avg_latency": 0.6156761169986567,
    "latencies": [
        0.6156761169986567
    ],
    "percentiles": {
        "10": 0.6156761169986567,
        "25": 0.6156761169986567,
        "50": 0.6156761169986567,
        "75": 0.6156761169986567,
        "90": 0.6156761169986567,
        "99": 0.6156761169986567
    }
}