{
    "avg_latency": 2.544744867999725,
    "latencies": [
        2.544744867999725
    ],
    "percentiles": {
        "10": 2.544744867999725,
        "25": 2.544744867999725,
        "50": 2.544744867999725,
        "75": 2.544744867999725,
        "90": 2.544744867999725,
        "99": 2.544744867999725
    }
}