{
    "avg_latency": 2.7715836399984255,
    "latencies": [
        2.7715836399984255
    ],
    "percentiles": {
        "10": 2.7715836399984255,
        "25": 2.7715836399984255,
        "50": 2.7715836399984255,
        "75": 2.7715836399984255,
        "90": 2.7715836399984255,
        "99": 2.7715836399984255
    }
}