{
    "avg_latency": 16.660189824000554,
    "latencies": [
        16.66182230100094,
        16.66137360599896,
        16.657373565001762
    ],
    "percentiles": {
        "10": 16.658173573201204,
        "25": 16.65937358550036,
        "50": 16.66137360599896,
        "75": 16.66159795349995,
        "90": 16.661732562000545,
        "99": 16.661813327100898
    }
}