{
    "avg_latency": 4.859535230666855,
    "latencies": [
        4.858063010000478,
        4.859503923999,
        4.8610387580010865
    ],
    "percentiles": {
        "10": 4.858351192800183,
        "25": 4.858783466999739,
        "50": 4.859503923999,
        "75": 4.860271341000043,
        "90": 4.860731791200669,
        "99": 4.861008061321045
    }
}