{
    "avg_latency": 9.579168714669018,
    "latencies": [
        9.578424573002849,
        9.579867583001032,
        9.579213988003175
    ],
    "percentiles": {
        "10": 9.578582456002914,
        "25": 9.578819280503012,
        "50": 9.579213988003175,
        "75": 9.579540785502104,
        "90": 9.579736864001461,
        "99": 9.579854511101075
    }
}