{
    "avg_latency": 2.6318277650001014,
    "latencies": [
        2.632856444997742,
        2.631999500001257,
        2.630627350001305
    ],
    "percentiles": {
        "10": 2.6309017800012953,
        "25": 2.631313425001281,
        "50": 2.631999500001257,
        "75": 2.6324279724994994,
        "90": 2.632685055998445,
        "99": 2.6328393060978126
    }
}