{
    "avg_latency": 9.686685177333857,
    "latencies": [
        9.687277469001856,
        9.684997042997566,
        9.687781020002149
    ],
    "percentiles": {
        "10": 9.685453128198423,
        "25": 9.68613725599971,
        "50": 9.687277469001856,
        "75": 9.687529244502002,
        "90": 9.68768030980209,
        "99": 9.687770948982143
    }
}