{
    "avg_latency": 4.733970251333328,
    "latencies": [
        4.734198638001544,
        4.734002614000929,
        4.7337095019975095
    ],
    "percentiles": {
        "10": 4.7337681243981935,
        "25": 4.733856057999219,
        "50": 4.734002614000929,
        "75": 4.734100626001236,
        "90": 4.734159433201421,
        "99": 4.7341947175215315
    }
}