{
    "avg_latency": 33.28099656799774,
    "latencies": [
        33.26525979199869,
        33.26615565499742,
        33.31157425699712
    ],
    "percentiles": {
        "10": 33.26543896459843,
        "25": 33.26570772349805,
        "50": 33.26615565499742,
        "75": 33.28886495599727,
        "90": 33.302490536597176,
        "99": 33.310665884957125
    }
}