{
    "avg_latency": 33.00311750199884,
    "latencies": [
        33.001180444000056,
        33.00833381799748,
        32.999838243998965
    ],
    "percentiles": {
        "10": 33.000106683999185,
        "25": 33.00050934399951,
        "50": 33.001180444000056,
        "75": 33.00475713099877,
        "90": 33.006903143197995,
        "99": 33.008190750517535
    }
}