{
    "avg_latency": 16.519733405667164,
    "latencies": [
        16.51113854900177,
        16.51273107399902,
        16.535330594000698
    ],
    "percentiles": {
        "10": 16.51145705400122,
        "25": 16.511934811500396,
        "50": 16.51273107399902,
        "75": 16.52403083399986,
        "90": 16.53081069000036,
        "99": 16.534878603600664
    }
}