{
    "avg_latency": 2.747417588667304,
    "latencies": [
        2.7457901579982718,
        2.7488978510009474,
        2.747564757002692
    ],
    "percentiles": {
        "10": 2.746145077799156,
        "25": 2.746677457500482,
        "50": 2.747564757002692,
        "75": 2.74823130400182,
        "90": 2.7486312322012965,
        "99": 2.7488711891209823
    }
}