{
    "avg_latency": 18.100919870001235,
    "latencies": [
        18.09870767800021,
        18.098855993001052,
        18.105195939002442
    ],
    "percentiles": {
        "10": 18.09873734100038,
        "25": 18.09878183550063,
        "50": 18.098855993001052,
        "75": 18.102025966001747,
        "90": 18.103927949802163,
        "99": 18.105069140082414
    }
}