{
    "avg_latency": 2.726567895663417,
    "latencies": [
        2.727343161001045,
        2.72647209999559,
        2.7258884259936167
    ],
    "percentiles": {
        "10": 2.7260051607940112,
        "25": 2.7261802629946033,
        "50": 2.72647209999559,
        "75": 2.7269076304983173,
        "90": 2.727168948799954,
        "99": 2.7273257397809356
    }
}