{
    "avg_latency": 10.068456113668313,
    "latencies": [
        10.068399937001232,
        10.068209254000976,
        10.068759150002734
    ],
    "percentiles": {
        "10": 10.068247390601027,
        "25": 10.068304595501104,
        "50": 10.068399937001232,
        "75": 10.068579543501983,
        "90": 10.068687307402433,
        "99": 10.068751965742704
    }
}