{
    "avg_latency": 36.55151732999851,
    "latencies": [
        36.53598430299826,
        36.548372430999734,
        36.57019525599753
    ],
    "percentiles": {
        "10": 36.53846192859855,
        "25": 36.542178366998996,
        "50": 36.548372430999734,
        "75": 36.55928384349863,
        "90": 36.56583069099797,
        "99": 36.56975879949758
    }
}