{
    "avg_latency": 2.8290883253333354,
    "latencies": [
        2.828615072001412,
        2.8296382620028453,
        2.8290116419957485
    ],
    "percentiles": {
        "10": 2.8286943860002793,
        "25": 2.8288133569985803,
        "50": 2.8290116419957485,
        "75": 2.829324951999297,
        "90": 2.829512938001426,
        "99": 2.829625729602703
    }
}