{
    "avg_latency": 17.59646117066586,
    "latencies": [
        17.595689797999512,
        17.59601650199329,
        17.597677212004783
    ],
    "percentiles": {
        "10": 17.595755138798268,
        "25": 17.5958531499964,
        "50": 17.59601650199329,
        "75": 17.596846856999036,
        "90": 17.597345070002483,
        "99": 17.597643997804553
    }
}