{
    "avg_latency": 9.988222183332255,
    "latencies": [
        9.99013885900058,
        9.98811279599613,
        9.986414895000053
    ],
    "percentiles": {
        "10": 9.986754475199268,
        "25": 9.987263845498092,
        "50": 9.98811279599613,
        "75": 9.989125827498356,
        "90": 9.98973364639969,
        "99": 9.990098337740491
    }
}