{
    "avg_latency": 35.19462415633219,
    "latencies": [
        35.194674790000136,
        35.19420685299701,
        35.19499082599941
    ],
    "percentiles": {
        "10": 35.19430044039764,
        "25": 35.194440821498574,
        "50": 35.194674790000136,
        "75": 35.194832807999774,
        "90": 35.194927618799554,
        "99": 35.19498450527943
    }
}