{
    "avg_latency": 34.917122818000884,
    "latencies": [
        34.91772514600598,
        34.91538429399952,
        34.91825901399716
    ],
    "percentiles": {
        "10": 34.915852464400814,
        "25": 34.91655472000275,
        "50": 34.91772514600598,
        "75": 34.91799208000157,
        "90": 34.918152240398925,
        "99": 34.91824833663733
    }
}