{
    "avg_latency": 10.430151665334657,
    "latencies": [
        10.430141022003227,
        10.429554250000365,
        10.430759724000382
    ],
    "percentiles": {
        "10": 10.429671604400937,
        "25": 10.429847636001796,
        "50": 10.430141022003227,
        "75": 10.430450373001804,
        "90": 10.43063598360095,
        "99": 10.430747349960438
    }
}