{
    "avg_latency": 17.466567681665765,
    "latencies": [
        17.464725985999394,
        17.468510637998406,
        17.466466420999495
    ],
    "percentiles": {
        "10": 17.465074072999414,
        "25": 17.465596203499445,
        "50": 17.466466420999495,
        "75": 17.46748852949895,
        "90": 17.468101794598624,
        "99": 17.46846975365843
    }
}