{
    "avg_latency": 5.042520864330679,
    "latencies": [
        5.042866043993854,
        5.0413321669984725,
        5.043364381999709
    ],
    "percentiles": {
        "10": 5.041638942397549,
        "25": 5.042099105496163,
        "50": 5.042866043993854,
        "75": 5.043115212996781,
        "90": 5.043264714398537,
        "99": 5.043354415239592
    }
}