{
    "avg_latency": 4.995924063332495,
    "latencies": [
        4.992876309996063,
        4.9979569720017025,
        4.99693890799972
    ],
    "percentiles": {
        "10": 4.9936888295967945,
        "25": 4.994907608997892,
        "50": 4.99693890799972,
        "75": 4.997447940000711,
        "90": 4.997753359201306,
        "99": 4.997936610721663
    }
}