{
    "avg_latency": 2.7264020259996564,
    "latencies": [
        2.725781568999082,
        2.726460063997365,
        2.7269644450025226
    ],
    "percentiles": {
        "10": 2.7259172679987387,
        "25": 2.7261208164982236,
        "50": 2.726460063997365,
        "75": 2.726712254499944,
        "90": 2.726863568801491,
        "99": 2.7269543573824193
    }
}