{
    "avg_latency": 2.8316528026662127,
    "latencies": [
        2.8316454970008635,
        2.8312027739993937,
        2.8321101369983808
    ],
    "percentiles": {
        "10": 2.8312913185996877,
        "25": 2.8314241355001286,
        "50": 2.8316454970008635,
        "75": 2.831877816999622,
        "90": 2.8320172089988773,
        "99": 2.8321008441984303
    }
}