{
    "avg_latency": 10.59594449799988,
    "latencies": [
        10.59558677500172,
        10.597671068997442,
        10.594575650000479
    ],
    "percentiles": {
        "10": 10.594777875000727,
        "25": 10.5950812125011,
        "50": 10.59558677500172,
        "75": 10.596628921999582,
        "90": 10.597254210198297,
        "99": 10.597629383117528
    }
}