{
    "avg_latency": 18.377959280334228,
    "latencies": [
        18.375493823001307,
        18.378017511000508,
        18.380366507000872
    ],
    "percentiles": {
        "10": 18.375998560601147,
        "25": 18.376755667000907,
        "50": 18.378017511000508,
        "75": 18.37919200900069,
        "90": 18.3798967078008,
        "99": 18.380319527080864
    }
}