{
    "avg_latency": 5.287633439335575,
    "latencies": [
        5.287615927001752,
        5.287484072003281,
        5.28780031900169
    ],
    "percentiles": {
        "10": 5.287510443002975,
        "25": 5.287549999502517,
        "50": 5.287615927001752,
        "75": 5.287708123001721,
        "90": 5.287763440601703,
        "99": 5.287796631161691
    }
}