{
    "avg_latency": 35.9997960223324,
    "latencies": [
        35.99366056799772,
        36.00742080499913,
        35.99830669400035
    ],
    "percentiles": {
        "10": 35.994589793198244,
        "25": 35.995983630999035,
        "50": 35.99830669400035,
        "75": 36.00286374949974,
        "90": 36.00559798279937,
        "99": 36.007238522779154
    }
}