{
    "avg_latency": 5.407103714334274,
    "latencies": [
        5.406228642001224,
        5.408097432002251,
        5.406985068999347
    ],
    "percentiles": {
        "10": 5.406379927400849,
        "25": 5.406606855500286,
        "50": 5.406985068999347,
        "75": 5.407541250500799,
        "90": 5.40787495940167,
        "99": 5.408075184742192
    }
}