{
    "avg_latency": 2.481828678332628,
    "latencies": [
        2.4815861860006407,
        2.481581770000048,
        2.4823180789971957
    ],
    "percentiles": {
        "10": 2.4815826532001664,
        "25": 2.4815839780003444,
        "50": 2.4815861860006407,
        "75": 2.481952132498918,
        "90": 2.4821717003978847,
        "99": 2.4823034411372644
    }
}