{
    "avg_latency": 2.034703397000461,
    "latencies": [
        2.035573248998844,
        2.0343697400021483,
        2.03416720200039
    ],
    "percentiles": {
        "10": 2.0342077096007416,
        "25": 2.034268471001269,
        "50": 2.0343697400021483,
        "75": 2.034971494500496,
        "90": 2.0353325471995047,
        "99": 2.03554917881891
    }
}