{
    "avg_latency": 19.33242148266739,
    "latencies": [
        19.22520605200043,
        19.396374134001235,
        19.375684262000505
    ],
    "percentiles": {
        "10": 19.255301694000444,
        "25": 19.300445157000468,
        "50": 19.375684262000505,
        "75": 19.38602919800087,
        "90": 19.39223615960109,
        "99": 19.39596033656122
    }
}