{
    "avg_latency": 29.115548790333225,
    "latencies": [
        29.07208150999986,
        29.151029603000097,
        29.12353525799972
    ],
    "percentiles": {
        "10": 29.082372259599833,
        "25": 29.09780838399979,
        "50": 29.12353525799972,
        "75": 29.13728243049991,
        "90": 29.145530734000022,
        "99": 29.15047971610009
    }
}