{
    "avg_latency": 128.29397806266692,
    "latencies": [
        128.95155106499806,
        127.82729674599977,
        128.1030863770029
    ],
    "percentiles": {
        "10": 127.8824546722004,
        "25": 127.96519156150134,
        "50": 128.1030863770029,
        "75": 128.52731872100048,
        "90": 128.78185812739903,
        "99": 128.93458177123816
    }
}