{
    "avg_latency": 21.37516583399459,
    "latencies": [
        21.227631509987987,
        21.50717652500316,
        21.390689466992626
    ],
    "percentiles": {
        "10": 21.260243101388916,
        "25": 21.309160488490306,
        "50": 21.390689466992626,
        "75": 21.448932995997893,
        "90": 21.483879113401052,
        "99": 21.50484678384295
    }
}