{
    "avg_latency": 7.223604843665574,
    "latencies": [
        7.096433533995878,
        7.067812360997777,
        7.506568636003067
    ],
    "percentiles": {
        "10": 7.073536595597398,
        "25": 7.082122947496828,
        "50": 7.096433533995878,
        "75": 7.301501084999472,
        "90": 7.424541615601629,
        "99": 7.498365933962923
    }
}