{
    "avg_latency": 85.24984884066725,
    "latencies": [
        85.2615310000001,
        85.14417023600254,
        85.34384528599912
    ],
    "percentiles": {
        "10": 85.16764238880205,
        "25": 85.20285061800132,
        "50": 85.2615310000001,
        "75": 85.30268814299961,
        "90": 85.32738242879932,
        "99": 85.34219900027914
    }
}