{
    "avg_latency": 11.864177362333672,
    "latencies": [
        11.961620448000758,
        11.857607150001058,
        11.773304488999202
    ],
    "percentiles": {
        "10": 11.790165021199574,
        "25": 11.81545581950013,
        "50": 11.857607150001058,
        "75": 11.909613799000908,
        "90": 11.940817788400818,
        "99": 11.959540182040763
    }
}