{
    "avg_latency": 41.30702882733507,
    "latencies": [
        41.225582658997155,
        40.841463960998226,
        41.85403986200981
    ],
    "percentiles": {
        "10": 40.918287700598015,
        "25": 41.03352330999769,
        "50": 41.225582658997155,
        "75": 41.539811260503484,
        "90": 41.72834842140728,
        "99": 41.84147071794956
    }
}