{
    "avg_latency": 20.004499713333036,
    "latencies": [
        19.878949326999646,
        20.0616549869992,
        20.072894826000265
    ],
    "percentiles": {
        "10": 19.915490458999557,
        "25": 19.970302156999423,
        "50": 20.0616549869992,
        "75": 20.067274906499733,
        "90": 20.070646858200053,
        "99": 20.072670029220244
    }
}