{
    "avg_latency": 30.99968661966462,
    "latencies": [
        31.117296311000246,
        30.921649558003992,
        30.960113989989622
    ],
    "percentiles": {
        "10": 30.92934244440112,
        "25": 30.940881773996807,
        "50": 30.960113989989622,
        "75": 31.038705150494934,
        "90": 31.085859846798122,
        "99": 31.114152664580033
    }
}