{
    "avg_latency": 4.5278607620000075,
    "latencies": [
        4.455744006000032,
        4.5584976449999886,
        4.569340635000003
    ],
    "percentiles": {
        "10": 4.476294733800023,
        "25": 4.50712082550001,
        "50": 4.5584976449999886,
        "75": 4.563919139999996,
        "90": 4.567172037000001,
        "99": 4.569123775200003
    }
}