{
    "avg_latency": 5.065253747333069,
    "latencies": [
        5.067996984998899,
        4.97564335000061,
        5.1521209069996985
    ],
    "percentiles": {
        "10": 4.994114077000267,
        "25": 5.0218201674997545,
        "50": 5.067996984998899,
        "75": 5.110058945999299,
        "90": 5.135296122599539,
        "99": 5.150438428559682
    }
}