{
    "avg_latency": 9.37850708733337,
    "latencies": [
        9.170710771999438,
        9.583640017999642,
        9.381170472001031
    ],
    "percentiles": {
        "10": 9.212802711999757,
        "25": 9.275940622000235,
        "50": 9.381170472001031,
        "75": 9.482405245000336,
        "90": 9.54314610879992,
        "99": 9.57959062707967
    }
}