{
    "avg_latency": 63.30276446066273,
    "latencies": [
        63.67867234000005,
        63.26525233099528,
        62.96436871099286
    ],
    "percentiles": {
        "10": 63.02454543499334,
        "25": 63.11481052099407,
        "50": 63.26525233099528,
        "75": 63.471962335497665,
        "90": 63.59598833819909,
        "99": 63.670403939819955
    }
}