{
    "avg_latency": 38.51975857499989,
    "latencies": [
        38.662283749999915,
        38.13191247800023,
        38.76507949699953
    ],
    "percentiles": {
        "10": 38.23798673240017,
        "25": 38.39709811400007,
        "50": 38.662283749999915,
        "75": 38.713681623499724,
        "90": 38.74452034759961,
        "99": 38.76302358205954
    }
}