{
    "avg_latency": 8.107728192000044,
    "latencies": [
        8.15370192699993,
        8.081344848000299,
        8.088137800999903
    ],
    "percentiles": {
        "10": 8.08270343860022,
        "25": 8.0847413245001,
        "50": 8.088137800999903,
        "75": 8.120919863999916,
        "90": 8.140589101799923,
        "99": 8.15239064447993
    }
}