{
    "avg_latency": 79.92245058633337,
    "latencies": [
        79.87970588999997,
        79.71505738399992,
        80.17258848500023
    ],
    "percentiles": {
        "10": 79.74798708519992,
        "25": 79.79738163699994,
        "50": 79.87970588999997,
        "75": 80.0261471875001,
        "90": 80.11401196600018,
        "99": 80.16673083310023
    }
}