{
    "avg_latency": 58.56959783433437,
    "latencies": [
        58.732364283001516,
        58.69063108500086,
        58.28579813500073
    ],
    "percentiles": {
        "10": 58.366764725000756,
        "25": 58.488214610000796,
        "50": 58.69063108500086,
        "75": 58.71149768400119,
        "90": 58.72401764340138,
        "99": 58.7315296190415
    }
}