{
    "avg_latency": 6.1385626296687406,
    "latencies": [
        5.722847805998754,
        6.099404231004883,
        6.593435852002585
    ],
    "percentiles": {
        "10": 5.798159090999979,
        "25": 5.911126018501818,
        "50": 6.099404231004883,
        "75": 6.346420041503734,
        "90": 6.494629527803045,
        "99": 6.583555219582632
    }
}