{
    "avg_latency": 3.664282039331738,
    "latencies": [
        3.6911138629948255,
        3.691964947996894,
        3.6097673070034944
    ],
    "percentiles": {
        "10": 3.6260366182017605,
        "25": 3.65044058499916,
        "50": 3.6911138629948255,
        "75": 3.6915394054958597,
        "90": 3.69179473099648,
        "99": 3.6919479262968524
    }
}