{
    "avg_latency": 2.3982301649957662,
    "latencies": [
        2.3920998120011063,
        2.406500569995842,
        2.3960901129903505
    ],
    "percentiles": {
        "10": 2.3928978721989553,
        "25": 2.3940949624957284,
        "50": 2.3960901129903505,
        "75": 2.401295341493096,
        "90": 2.4044184785947436,
        "99": 2.406292360855732
    }
}