{
    "avg_latency": 8.511092467670096,
    "latencies": [
        8.509665756995673,
        8.56200239500322,
        8.461609251011396
    ],
    "percentiles": {
        "10": 8.471220552208251,
        "25": 8.485637504003535,
        "50": 8.509665756995673,
        "75": 8.535834075999446,
        "90": 8.55153506740171,
        "99": 8.560955662243067
    }
}