{
    "avg_latency": 2.4870065079982546,
    "latencies": [
        2.439284085005056,
        2.4787500699894736,
        2.5429853690002346
    ],
    "percentiles": {
        "10": 2.4471772820019395,
        "25": 2.459017077497265,
        "50": 2.4787500699894736,
        "75": 2.510867719494854,
        "90": 2.5301383091980822,
        "99": 2.5417006630200194
    }
}