{
    "avg_latency": 2.398155846327427,
    "latencies": [
        2.3862798329937505,
        2.407630989997415,
        2.400556715991115
    ],
    "percentiles": {
        "10": 2.3891352095932232,
        "25": 2.393418274492433,
        "50": 2.400556715991115,
        "75": 2.404093852994265,
        "90": 2.406216135196155,
        "99": 2.407489504517289
    }
}