{
    "avg_latency": 3.3728002383334874,
    "latencies": [
        3.3893145759939216,
        3.354971626002225,
        3.374114513004315
    ],
    "percentiles": {
        "10": 3.358800203402643,
        "25": 3.36454306950327,
        "50": 3.374114513004315,
        "75": 3.3817145444991183,
        "90": 3.3862745633960003,
        "99": 3.3890105747341295
    }
}