{
    "avg_latency": 2.696144383662613,
    "latencies": [
        2.6937640539981658,
        2.694157127989456,
        2.7005119690002175
    ],
    "percentiles": {
        "10": 2.6938426687964236,
        "25": 2.693960590993811,
        "50": 2.694157127989456,
        "75": 2.697334548494837,
        "90": 2.6992410007980654,
        "99": 2.700384872180002
    }
}