{
    "avg_latency": 2.346501005003423,
    "latencies": [
        2.362796347006224,
        2.33930532100203,
        2.3374013470020145
    ],
    "percentiles": {
        "10": 2.3377821418020175,
        "25": 2.338353334002022,
        "50": 2.33930532100203,
        "75": 2.351050834004127,
        "90": 2.3580981418053852,
        "99": 2.3623265264861404
    }
}