{
    "avg_latency": 4.245040346004923,
    "latencies": [
        4.2421430140093435,
        4.261755127008655,
        4.231222896996769
    ],
    "percentiles": {
        "10": 4.233406920399284,
        "25": 4.236682955503056,
        "50": 4.2421430140093435,
        "75": 4.251949070508999,
        "90": 4.257832704408793,
        "99": 4.261362884748669
    }
}