{
    "avg_latency": 2.533073103336695,
    "latencies": [
        2.517066733998945,
        2.5593839200009825,
        2.5227686560101574
    ],
    "percentiles": {
        "10": 2.5182071184011874,
        "25": 2.519917695004551,
        "50": 2.5227686560101574,
        "75": 2.54107628800557,
        "90": 2.5520608672028176,
        "99": 2.5586516147211658
    }
}