{
    "avg_latency": 2.782600652334319,
    "latencies": [
        2.779768806998618,
        2.7876419450039975,
        2.780391205000342
    ],
    "percentiles": {
        "10": 2.7798932865989627,
        "25": 2.78008000599948,
        "50": 2.780391205000342,
        "75": 2.7840165750021697,
        "90": 2.7861917970032666,
        "99": 2.7874969302039245
    }
}