{
    "avg_latency": 2.371684683326748,
    "latencies": [
        2.375301459993352,
        2.3694122309971135,
        2.370340358989779
    ],
    "percentiles": {
        "10": 2.3695978565956466,
        "25": 2.369876294993446,
        "50": 2.370340358989779,
        "75": 2.3728209094915655,
        "90": 2.3743092397926375,
        "99": 2.375202237973281
    }
}