{
    "avg_latency": 4.10527084566517,
    "latencies": [
        4.116318369007786,
        4.108316867990652,
        4.091177299997071
    ],
    "percentiles": {
        "10": 4.094605213595787,
        "25": 4.0997470839938615,
        "50": 4.108316867990652,
        "75": 4.112317618499219,
        "90": 4.114718068804359,
        "99": 4.116158338987443
    }
}