{
    "avg_latency": 2.392723812998156,
    "latencies": [
        2.3954236959980335,
        2.3906487399945036,
        2.392099003001931
    ],
    "percentiles": {
        "10": 2.390938792595989,
        "25": 2.3913738714982173,
        "50": 2.392099003001931,
        "75": 2.3937613494999823,
        "90": 2.394758757398813,
        "99": 2.3953572021381113
    }
}