{
    "avg_latency": 2.607888970669592,
    "latencies": [
        2.609856237002532,
        2.610302416011109,
        2.6035082589951344
    ],
    "percentiles": {
        "10": 2.604777854596614,
        "25": 2.606682247998833,
        "50": 2.609856237002532,
        "75": 2.6100793265068205,
        "90": 2.6102131802093935,
        "99": 2.6102934924309373
    }
}