{
    "avg_latency": 2.3527523336718636,
    "latencies": [
        2.3500951690075453,
        2.349720733007416,
        2.358441099000629
    ],
    "percentiles": {
        "10": 2.349795620207442,
        "25": 2.3499079510074807,
        "50": 2.3500951690075453,
        "75": 2.354268134004087,
        "90": 2.3567719130020124,
        "99": 2.3582741804007674
    }
}