{
    "avg_latency": 8.234247537329793,
    "latencies": [
        8.235722131998045,
        8.253785975990468,
        8.213234504000866
    ],
    "percentiles": {
        "10": 8.217732029600302,
        "25": 8.224478317999456,
        "50": 8.235722131998045,
        "75": 8.244754053994257,
        "90": 8.250173207191983,
        "99": 8.253424699110619
    }
}