{
    "avg_latency": 3.5192353693273617,
    "latencies": [
        3.5049490749952383,
        3.502579808991868,
        3.5501772239949787
    ],
    "percentiles": {
        "10": 3.503053662192542,
        "25": 3.503764441993553,
        "50": 3.5049490749952383,
        "75": 3.5275631494951085,
        "90": 3.5411315941950305,
        "99": 3.549272661014984
    }
}