{
    "avg_latency": 2.5326712026677947,
    "latencies": [
        2.532539642008487,
        2.523334325000178,
        2.5421396409947192
    ],
    "percentiles": {
        "10": 2.52517538840184,
        "25": 2.5279369835043326,
        "50": 2.532539642008487,
        "75": 2.537339641501603,
        "90": 2.540219641197473,
        "99": 2.5419476410149944
    }
}