{
    "avg_latency": 5.383454930672694,
    "latencies": [
        5.365324864003924,
        5.346302813006332,
        5.438737115007825
    ],
    "percentiles": {
        "10": 5.350107223205851,
        "25": 5.355813838505128,
        "50": 5.365324864003924,
        "75": 5.4020309895058745,
        "90": 5.424054664807045,
        "99": 5.437268869987747
    }
}