{
    "avg_latency": 2.351409723002386,
    "latencies": [
        2.3564510959986364,
        2.3447420590091497,
        2.353036013999372
    ],
    "percentiles": {
        "10": 2.346400850007194,
        "25": 2.3488890365042607,
        "50": 2.353036013999372,
        "75": 2.354743554999004,
        "90": 2.3557680795987834,
        "99": 2.3563827943586513
    }
}