{
    "avg_latency": 2.850088050002038,
    "latencies": [
        2.948259140001028,
        2.763023134000832,
        2.8389818760042544
    ],
    "percentiles": {
        "10": 2.7782148824015165,
        "25": 2.8010025050025433,
        "50": 2.8389818760042544,
        "75": 2.893620508002641,
        "90": 2.926403687201673,
        "99": 2.9460735947210925
    }
}