{
    "avg_latency": 5.212227206332803,
    "latencies": [
        5.21881758600648,
        5.197024881999823,
        5.220839150992106
    ],
    "percentiles": {
        "10": 5.201383422801155,
        "25": 5.207921234003152,
        "50": 5.21881758600648,
        "75": 5.219828368499293,
        "90": 5.220434837994981,
        "99": 5.220798719692393
    }
}