{
    "avg_latency": 2.3884298436654112,
    "latencies": [
        2.3904161500104237,
        2.3820736659981776,
        2.392799714987632
    ],
    "percentiles": {
        "10": 2.383742162800627,
        "25": 2.3862449080043007,
        "50": 2.3904161500104237,
        "75": 2.391607932499028,
        "90": 2.39232300199219,
        "99": 2.3927520436880876
    }
}