{
    "avg_latency": 2.648421359335771,
    "latencies": [
        2.646498614005395,
        2.6303183889976935,
        2.6684470750042237
    ],
    "percentiles": {
        "10": 2.633554433999234,
        "25": 2.6384085015015444,
        "50": 2.646498614005395,
        "75": 2.6574728445048095,
        "90": 2.664057382804458,
        "99": 2.668008105784247
    }
}