{
    "avg_latency": 2.596052149000267,
    "latencies": [
        2.6130885599995963,
        2.5984192460018676,
        2.5766486409993377
    ],
    "percentiles": {
        "10": 2.5810027619998435,
        "25": 2.5875339435006026,
        "50": 2.5984192460018676,
        "75": 2.605753903000732,
        "90": 2.6101546972000507,
        "99": 2.6127951737196415
    }
}