{
    "avg_latency": 2.7815353109957264,
    "latencies": [
        2.7703867550008,
        2.791365783996298,
        2.782853393990081
    ],
    "percentiles": {
        "10": 2.772880082798656,
        "25": 2.7766200744954403,
        "50": 2.782853393990081,
        "75": 2.7871095889931894,
        "90": 2.7896633059950546,
        "99": 2.7911955361961738
    }
}