{
    "avg_latency": 4.061108754336601,
    "latencies": [
        4.060869024004205,
        4.06107644700387,
        4.061380792001728
    ],
    "percentiles": {
        "10": 4.060910508604138,
        "25": 4.060972735504038,
        "50": 4.06107644700387,
        "75": 4.061228619502799,
        "90": 4.061319923002157,
        "99": 4.061374705101771
    }
}