{
    "avg_latency": 2.031776005004455,
    "latencies": [
        2.0321713620069204,
        2.0314349209947977,
        2.031721732011647
    ],
    "percentiles": {
        "10": 2.0314922831981677,
        "25": 2.0315783265032223,
        "50": 2.031721732011647,
        "75": 2.0319465470092837,
        "90": 2.0320814360078656,
        "99": 2.032162369407015
    }
}