{
    "avg_latency": 4.061584968663131,
    "latencies": [
        4.060775243007811,
        4.0621616689895745,
        4.061817993992008
    ],
    "percentiles": {
        "10": 4.060983793204651,
        "25": 4.0612966184999095,
        "50": 4.061817993992008,
        "75": 4.061989831490791,
        "90": 4.062092933990061,
        "99": 4.062154795489623
    }
}