{
    "avg_latency": 2.031735602669263,
    "latencies": [
        2.032143164004083,
        2.0317925550043583,
        2.031271088999347
    ],
    "percentiles": {
        "10": 2.0313753822003493,
        "25": 2.0315318220018526,
        "50": 2.0317925550043583,
        "75": 2.0319678595042205,
        "90": 2.032073042204138,
        "99": 2.0321361518240884
    }
}