{
    "avg_latency": 2.0325933290005196,
    "latencies": [
        2.0329899490025127,
        2.0326731050008675,
        2.0321169329981785
    ],
    "percentiles": {
        "10": 2.032228167398716,
        "25": 2.032395018999523,
        "50": 2.0326731050008675,
        "75": 2.03283152700169,
        "90": 2.032926580202184,
        "99": 2.03298361212248
    }
}