{
    "avg_latency": 2.064212413999485,
    "latencies": [
        2.064195173996268,
        2.0638390830135904,
        2.0646029849885963
    ],
    "percentiles": {
        "10": 2.063910301210126,
        "25": 2.064017128504929,
        "50": 2.064195173996268,
        "75": 2.064399079492432,
        "90": 2.0645214227901305,
        "99": 2.0645948287687497
    }
}