{
    "avg_latency": 2.032289168666466,
    "latencies": [
        2.032313723000698,
        2.032363271995564,
        2.0321905110031366
    ],
    "percentiles": {
        "10": 2.0322151534026487,
        "25": 2.032252117001917,
        "50": 2.032313723000698,
        "75": 2.032338497498131,
        "90": 2.0323533621965906,
        "99": 2.0323622810156667
    }
}