{
    "avg_latency": 2.0316618853345667,
    "latencies": [
        2.031966021997505,
        2.031520261996775,
        2.0314993720094208
    ],
    "percentiles": {
        "10": 2.0315035500068914,
        "25": 2.031509817003098,
        "50": 2.031520261996775,
        "75": 2.03174314199714,
        "90": 2.031876869997359,
        "99": 2.03195710679749
    }
}