{
    "avg_latency": 3.1185581569989154,
    "latencies": [
        3.1185581569989154
    ],
    "percentiles": {
        "10": 3.1185581569989154,
        "25": 3.1185581569989154,
        "50": 3.1185581569989154,
        "75": 3.1185581569989154,
        "90": 3.1185581569989154,
        "99": 3.1185581569989154
    }
}