{
    "avg_latency": 14.611952401018547,
    "latencies": [
        14.402354036981706,
        14.611066715035122,
        14.822436451038811
    ],
    "percentiles": {
        "10": 14.44409657259239,
        "25": 14.506710376008414,
        "50": 14.611066715035122,
        "75": 14.716751583036967,
        "90": 14.780162503838074,
        "99": 14.818209056318738
    }
}