{
    "avg_latency": 181.71065098732166,
    "latencies": [
        181.0562636879622,
        181.95255975797772,
        182.12312951602507
    ],
    "percentiles": {
        "10": 181.2355229019653,
        "25": 181.50441172296996,
        "50": 181.95255975797772,
        "75": 182.0378446370014,
        "90": 182.0890155644156,
        "99": 182.11971812086412
    }
}