{
    "avg_latency": 50.605999426004324,
    "latencies": [
        50.660459407023154,
        50.52087476698216,
        50.63666410400765
    ],
    "percentiles": {
        "10": 50.54403263438726,
        "25": 50.578769435494905,
        "50": 50.63666410400765,
        "75": 50.6485617555154,
        "90": 50.655700346420055,
        "99": 50.659983500962845
    }
}