{
    "avg_latency": 19.72954090933005,
    "latencies": [
        19.795603320992086,
        19.33275889698416,
        20.060260510013904
    ],
    "percentiles": {
        "10": 19.425327781785747,
        "25": 19.564181108988123,
        "50": 19.795603320992086,
        "75": 19.927931915502995,
        "90": 20.00732907220954,
        "99": 20.05496736623347
    }
}