{
    "avg_latency": 20.062630031335477,
    "latencies": [
        20.008369377988856,
        20.05647918098839,
        20.123041535029188
    ],
    "percentiles": {
        "10": 20.017991338588764,
        "25": 20.032424279488623,
        "50": 20.05647918098839,
        "75": 20.08976035800879,
        "90": 20.10972906422103,
        "99": 20.12171028794837
    }
}