{
    "avg_latency": 20.01072145967434,
    "latencies": [
        20.012162397033535,
        20.013385822996497,
        20.006616158992983
    ],
    "percentiles": {
        "10": 20.007725406601093,
        "25": 20.00938927801326,
        "50": 20.012162397033535,
        "75": 20.012774110015016,
        "90": 20.013141137803906,
        "99": 20.013361354477237
    }
}