{
    "avg_latency": 19.894975423347205,
    "latencies": [
        19.84111934999237,
        19.835509614029434,
        20.008297306019813
    ],
    "percentiles": {
        "10": 19.83663156122202,
        "25": 19.8383144820109,
        "50": 19.84111934999237,
        "75": 19.92470832800609,
        "90": 19.974861714814324,
        "99": 20.004953746899265
    }
}