{
    "avg_latency": 19.83416766533628,
    "latencies": [
        19.836123007000424,
        19.838056901004165,
        19.828323088004254
    ],
    "percentiles": {
        "10": 19.829883071803486,
        "25": 19.83222304750234,
        "50": 19.836123007000424,
        "75": 19.837089954002295,
        "90": 19.837670122203416,
        "99": 19.83801822312409
    }
}