{
    "avg_latency": 28.423131538341597,
    "latencies": [
        28.200339179020375,
        28.40838421799708,
        28.660671218007337
    ],
    "percentiles": {
        "10": 28.241948186815716,
        "25": 28.30436169850873,
        "50": 28.40838421799708,
        "75": 28.53452771800221,
        "90": 28.610213818005285,
        "99": 28.65562547800713
    }
}