{
    "avg_latency": 95.02844438965742,
    "latencies": [
        95.33192314300686,
        95.20668501395267,
        94.54672501201276
    ],
    "percentiles": {
        "10": 94.67871701240074,
        "25": 94.87670501298271,
        "50": 95.20668501395267,
        "75": 95.26930407847976,
        "90": 95.30687551719602,
        "99": 95.32941838042578
    }
}