{
    "avg_latency": 12.03761483633813,
    "latencies": [
        12.130152605008334,
        11.945649606001098,
        12.037042298004963
    ],
    "percentiles": {
        "10": 11.963928144401871,
        "25": 11.99134595200303,
        "50": 12.037042298004963,
        "75": 12.083597451506648,
        "90": 12.11153054360766,
        "99": 12.128290398868266
    }
}