{
    "avg_latency": 13.942317883328846,
    "latencies": [
        13.755376620974857,
        14.01309043704532,
        14.058486591966357
    ],
    "percentiles": {
        "10": 13.80691938418895,
        "25": 13.88423352901009,
        "50": 14.01309043704532,
        "75": 14.035788514505839,
        "90": 14.04940736098215,
        "99": 14.057578668867936
    }
}