{
    "avg_latency": 2.481825697022335,
    "latencies": [
        2.4814466800307855,
        2.482501148013398,
        2.4815292630228214
    ],
    "percentiles": {
        "10": 2.4814631966291927,
        "25": 2.4814879715268034,
        "50": 2.4815292630228214,
        "75": 2.4820152055181097,
        "90": 2.4823067710152826,
        "99": 2.4824817103135866
    }
}