{
    "avg_latency": 2.1480133399600163,
    "latencies": [
        2.147993022983428,
        2.1478685639449395,
        2.1481784329516813
    ],
    "percentiles": {
        "10": 2.1478934557526372,
        "25": 2.147930793464184,
        "50": 2.147993022983428,
        "75": 2.1480857279675547,
        "90": 2.1481413509580305,
        "99": 2.1481747247523164
    }
}