{
    "avg_latency": 2.0331796300015412,
    "latencies": [
        2.033745736000128,
        2.032540460990276,
        2.0332526930142194
    ],
    "percentiles": {
        "10": 2.0326829073950647,
        "25": 2.032896577002248,
        "50": 2.0332526930142194,
        "75": 2.0334992145071737,
        "90": 2.033647127402946,
        "99": 2.03373587514041
    }
}