{
    "avg_latency": 2.0993814910179935,
    "latencies": [
        2.0992804859997705,
        2.0998300260398537,
        2.0990339610143565
    ],
    "percentiles": {
        "10": 2.0990832660114394,
        "25": 2.0991572235070635,
        "50": 2.0992804859997705,
        "75": 2.099555256019812,
        "90": 2.0997201180318372,
        "99": 2.0998190352390522
    }
}