{
    "avg_latency": 2.8094126590003725,
    "latencies": [
        2.8094126590003725
    ],
    "percentiles": {
        "10": 2.8094126590003725,
        "25": 2.8094126590003725,
        "50": 2.8094126590003725,
        "75": 2.8094126590003725,
        "90": 2.8094126590003725,
        "99": 2.8094126590003725
    }
}