{
    "avg_latency": 2.6526256629986165,
    "latencies": [
        2.6526256629986165
    ],
    "percentiles": {
        "10": 2.6526256629986165,
        "25": 2.6526256629986165,
        "50": 2.6526256629986165,
        "75": 2.6526256629986165,
        "90": 2.6526256629986165,
        "99": 2.6526256629986165
    }
}