{
    "avg_latency": 2.5462600060018303,
    "latencies": [
        2.5462600060018303
    ],
    "percentiles": {
        "10": 2.5462600060018303,
        "25": 2.5462600060018303,
        "50": 2.5462600060018303,
        "75": 2.5462600060018303,
        "90": 2.5462600060018303,
        "99": 2.5462600060018303
    }
}