{
    "avg_latency": 2.7929840050019266,
    "latencies": [
        2.7929840050019266
    ],
    "percentiles": {
        "10": 2.7929840050019266,
        "25": 2.7929840050019266,
        "50": 2.7929840050019266,
        "75": 2.7929840050019266,
        "90": 2.7929840050019266,
        "99": 2.7929840050019266
    }
}