{
    "avg_latency": 3.596990850997827,
    "latencies": [
        3.596990850997827
    ],
    "percentiles": {
        "10": 3.596990850997827,
        "25": 3.596990850997827,
        "50": 3.596990850997827,
        "75": 3.596990850997827,
        "90": 3.596990850997827,
        "99": 3.596990850997827
    }
}