{
    "avg_latency": 2.0424393360008253,
    "latencies": [
        2.0424393360008253
    ],
    "percentiles": {
        "10": 2.0424393360008253,
        "25": 2.0424393360008253,
        "50": 2.0424393360008253,
        "75": 2.0424393360008253,
        "90": 2.0424393360008253,
        "99": 2.0424393360008253
    }
}