{
    "avg_latency": 8.1147731869969,
    "latencies": [
        8.164799063997634,
        8.064747309996164
    ],
    "percentiles": {
        "10": 8.074752485396312,
        "25": 8.089760248496532,
        "50": 8.1147731869969,
        "75": 8.139786125497267,
        "90": 8.154793888597487,
        "99": 8.16379854645762
    }
}