{
    "avg_latency": 24.186639056002605,
    "latencies": [
        24.186639056002605
    ],
    "percentiles": {
        "10": 24.186639056002605,
        "25": 24.186639056002605,
        "50": 24.186639056002605,
        "75": 24.186639056002605,
        "90": 24.186639056002605,
        "99": 24.186639056002605
    }
}