{
    "avg_latency": 3.0771276419982314,
    "latencies": [
        3.058989703997213,
        3.09526557999925
    ],
    "percentiles": {
        "10": 3.062617291597417,
        "25": 3.068058672997722,
        "50": 3.0771276419982314,
        "75": 3.0861966109987407,
        "90": 3.091637992399046,
        "99": 3.0949028212392293
    }
}