{
    "avg_latency": 20.039300671000092,
    "latencies": [
        20.039300671000092
    ],
    "percentiles": {
        "10": 20.039300671000092,
        "25": 20.039300671000092,
        "50": 20.039300671000092,
        "75": 20.039300671000092,
        "90": 20.039300671000092,
        "99": 20.039300671000092
    }
}