{
    "avg_latency": 12.695631359496474,
    "latencies": [
        12.739584259994444,
        12.651678458998504
    ],
    "percentiles": {
        "10": 12.660469039098098,
        "25": 12.673654909247489,
        "50": 12.695631359496474,
        "75": 12.71760780974546,
        "90": 12.73079367989485,
        "99": 12.738705201984486
    }
}