{
    "avg_latency": 44.759763697999006,
    "latencies": [
        44.759763697999006
    ],
    "percentiles": {
        "10": 44.759763697999006,
        "25": 44.759763697999006,
        "50": 44.759763697999006,
        "75": 44.759763697999006,
        "90": 44.759763697999006,
        "99": 44.759763697999006
    }
}