{
    "avg_latency": 7.892007778496918,
    "latencies": [
        7.755456538994622,
        8.028559017999214
    ],
    "percentiles": {
        "10": 7.782766786895081,
        "25": 7.82373215874577,
        "50": 7.892007778496918,
        "75": 7.960283398248066,
        "90": 8.001248770098755,
        "99": 8.025827993209168
    }
}