{
    "avg_latency": 2.8065914649996557,
    "latencies": [
        2.8047339740005555,
        2.808448955998756
    ],
    "percentiles": {
        "10": 2.8051054722003754,
        "25": 2.8056627195001056,
        "50": 2.8065914649996557,
        "75": 2.807520210499206,
        "90": 2.808077457798936,
        "99": 2.808411806178774
    }
}