{
    "avg_latency": 2.074428484600503,
    "latencies": [
        2.074324486999103,
        2.074816278000071,
        2.0745290480008407,
        2.074408756001503,
        2.0745080779997807,
        2.0744134090018633,
        2.0742597800017393,
        2.0741877010004828,
        2.074221527996997,
        2.074615781002649
    ],
    "percentiles": {
        "10": 2.0742181452973454,
        "25": 2.0742759567510802,
        "50": 2.0744110825016833,
        "75": 2.0745238055005757,
        "90": 2.074635830702391,
        "99": 2.074798233270303
    }
}