{
    "avg_latency": 2.2444726281995826,
    "latencies": [
        2.248497879001661,
        2.248199826997734,
        2.249462322000909,
        2.2473133559979033,
        2.2379016029990453,
        2.247764444000495,
        2.2357934020001267,
        2.2361345479985175,
        2.248417515998881,
        2.245241385000554
    ],
    "percentiles": {
        "10": 2.2361004333986783,
        "25": 2.2397365484994225,
        "50": 2.247538899999199,
        "75": 2.248363093748594,
        "90": 2.248594323301586,
        "99": 2.249375522130977
    }
}