{
    "avg_latency": 2.8577028029998472,
    "latencies": [
        2.8544582680005988,
        2.8544540609982505,
        2.8571736680023605,
        2.854875056997116,
        2.856603174997872,
        2.8593252499995288,
        2.857515872001386,
        2.8606420569994953,
        2.8613743569985672,
        2.860606265003298
    ],
    "percentiles": {
        "10": 2.854457847300364,
        "25": 2.855307086497305,
        "50": 2.8573447700018733,
        "75": 2.860286011252356,
        "90": 2.8607152869994024,
        "99": 2.861308449998651
    }
}