{
    "avg_latency": 2.2851249828996516,
    "latencies": [
        2.2818532530000084,
        2.280387491999136,
        2.2822424139994837,
        2.282376186001784,
        2.2901426869975694,
        2.2923194539980614,
        2.2929891679996217,
        2.2828369900016696,
        2.2827873679998447,
        2.2833148169993365
    ],
    "percentiles": {
        "10": 2.2817066768999212,
        "25": 2.2822758570000587,
        "50": 2.282812179000757,
        "75": 2.288435719498011,
        "90": 2.2923864253982176,
        "99": 2.2929288937394814
    }
}