{
  "aime": {
    "fasttts": {
      "1": {
        "mean_generator_latency": 15.307396364212035,
        "mean_verifier_latency": 0.2313788096110026,
        "mean_total_latency": 15.538775173823039,
        "mean_average_tokens_per_completion": 960.3666666666667,
        "mean_total_tokens": 960.3666666666667,
        "mean_n_completion_tokens": 960.3666666666667,
        "mean_average_completion_times": 15.51673759619395,
        "mean_precise_goodput": 61.89230569331996,
        "gen_gpu_hit": 0.9709526711354864,
        "gen_cpu_hit": null,
        "ver_gpu_hit": 0.8547056261128099,
        "ver_cpu_hit": null,
        "gen_mean_running": 1.0,
        "gen_max_running": 1,
        "gen_max_waiting": 0,
        "gen_mean_waiting_when_queued": 0.0,
        "gen_frac_steps_queued": 0.0,
        "gen_max_kv_usage": 0.048130469371519435,
        "gen_batch_hist": {
          "0": 30,
          "1-7": 29147,
          "8-31": 0,
          "32-63": 0,
          "64-127": 0,
          "128-255": 0,
          "256+": 0
        }
      },
      "256": {
        "mean_generator_latency": 111.20038501421611,
        "mean_verifier_latency": 11.649995581309001,
        "mean_total_latency": 122.85038059552511,
        "mean_average_tokens_per_completion": 771.5322916666667,
        "mean_total_tokens": 274011.4666666667,
        "mean_n_completion_tokens": 197512.26666666666,
        "mean_average_completion_times": 111.3585282730249,
        "mean_precise_goodput": 6.9283628621155176,
        "gen_gpu_hit": 0.9517447177953503,
        "gen_cpu_hit": null,
        "ver_gpu_hit": 0.6087447980802252,
        "ver_cpu_hit": null,
        "gen_mean_running": 82.23079151378045,
        "gen_max_running": 256,
        "gen_max_waiting": 222,
        "gen_mean_waiting_when_queued": 9.184429007116233,
        "gen_frac_steps_queued": 0.08139342453662841,
        "gen_max_kv_usage": 1.0,
        "gen_batch_hist": {
          "0": 36,
          "1-7": 28217,
          "8-31": 27195,
          "32-63": 22284,
          "64-127": 27377,
          "128-255": 35362,
          "256+": 4553
        }
      },
      "4": {
        "mean_generator_latency": 17.93661734263102,
        "mean_verifier_latency": 0.244981582959493,
        "mean_total_latency": 18.181598925590514,
        "mean_average_tokens_per_completion": 836.1,
        "mean_total_tokens": 3836.7,
        "mean_n_completion_tokens": 3344.4,
        "mean_average_completion_times": 17.534237297376,
        "mean_precise_goodput": 47.683853356149264,
        "gen_gpu_hit": 0.9787279322853688,
        "gen_cpu_hit": null,
        "ver_gpu_hit": 0.8535025622896494,
        "ver_cpu_hit": null,
        "gen_mean_running": 3.7222799774259663,
        "gen_max_running": 4,
        "gen_max_waiting": 0,
        "gen_mean_waiting_when_queued": 0.0,
        "gen_frac_steps_queued": 0.0,
        "gen_max_kv_usage": 0.08989657915672233,
        "gen_batch_hist": {
          "0": 31,
          "1-7": 33667,
          "8-31": 0,
          "32-63": 0,
          "64-127": 0,
          "128-255": 0,
          "256+": 0
        }
      },
      "16": {
        "mean_generator_latency": 34.07417906920115,
        "mean_verifier_latency": 0.595281712214152,
        "mean_total_latency": 34.6694607814153,
        "mean_average_tokens_per_completion": 803.825,
        "mean_total_tokens": 17111.133333333335,
        "mean_n_completion_tokens": 12861.2,
        "mean_average_completion_times": 32.378936937451364,
        "mean_precise_goodput": 24.82555253598364,
        "gen_gpu_hit": 0.9842696461930811,
        "gen_cpu_hit": null,
        "ver_gpu_hit": 0.8348067736930279,
        "ver_cpu_hit": null,
        "gen_mean_running": 11.88709185720016,
        "gen_max_running": 16,
        "gen_max_waiting": 0,
        "gen_mean_waiting_when_queued": 0.0,
        "gen_frac_steps_queued": 0.0,
        "gen_max_kv_usage": 0.4240254574383453,
        "gen_batch_hist": {
          "0": 28,
          "1-7": 11963,
          "8-31": 50362,
          "32-63": 0,
          "64-127": 0,
          "128-255": 0,
          "256+": 0
        }
      },
      "64": {
        "mean_generator_latency": 56.38227787017822,
        "mean_verifier_latency": 2.5431027968724567,
        "mean_total_latency": 58.92538066705068,
        "mean_average_tokens_per_completion": 760.8994791666667,
        "mean_total_tokens": 65909.83333333333,
        "mean_n_completion_tokens": 48697.566666666666,
        "mean_average_completion_times": 55.22060930108031,
        "mean_precise_goodput": 13.779266270279651,
        "gen_gpu_hit": 0.9799480835917873,
        "gen_cpu_hit": null,
        "ver_gpu_hit": 0.7023305401611688,
        "ver_cpu_hit": null,
        "gen_mean_running": 38.512814000993764,
        "gen_max_running": 64,
        "gen_max_waiting": 2,
        "gen_mean_waiting_when_queued": 1.146341463414634,
        "gen_frac_steps_queued": 0.0009052271347353315,
        "gen_max_kv_usage": 1.0,
        "gen_batch_hist": {
          "0": 20,
          "1-7": 12347,
          "8-31": 17758,
          "32-63": 51074,
          "64-127": 9386,
          "128-255": 0,
          "256+": 0
        }
      }
    },
    "fasttts_kvoff": {
      "256": {
        "mean_generator_latency": 106.5079316298167,
        "mean_verifier_latency": 7.905449287096659,
        "mean_total_latency": 114.41338091691335,
        "mean_average_tokens_per_completion": 770.2481770833333,
        "mean_total_tokens": 265971.36666666664,
        "mean_n_completion_tokens": 197183.53333333333,
        "mean_average_completion_times": 102.25105563631902,
        "mean_precise_goodput": 7.532911736607494,
        "gen_gpu_hit": 0.7858030466765993,
        "gen_cpu_hit": 0.6673486121717643,
        "ver_gpu_hit": 0.6294272416521987,
        "ver_cpu_hit": 0.3610727228546799,
        "gen_mean_running": 77.81736047654054,
        "gen_max_running": 256,
        "gen_max_waiting": 247,
        "gen_mean_waiting_when_queued": 14.19455015984168,
        "gen_frac_steps_queued": 0.0902000631633872,
        "gen_max_kv_usage": 1.0,
        "gen_batch_hist": {
          "0": 105,
          "1-7": 48040,
          "8-31": 16983,
          "32-63": 16452,
          "64-127": 23347,
          "128-255": 36697,
          "256+": 4030
        }
      },
      "4": {
        "mean_generator_latency": 23.323274111747743,
        "mean_verifier_latency": 0.2867424488067627,
        "mean_total_latency": 23.610016560554506,
        "mean_average_tokens_per_completion": 952.2833333333333,
        "mean_total_tokens": 4323.7,
        "mean_n_completion_tokens": 3809.133333333333,
        "mean_average_completion_times": 23.024711114168166,
        "mean_precise_goodput": 41.35918703220339,
        "gen_gpu_hit": 0.9832762071265901,
        "gen_cpu_hit": 0.0033342595165323703,
        "ver_gpu_hit": 0.8704958110378606,
        "ver_cpu_hit": 0.0,
        "gen_mean_running": 3.4456312900274475,
        "gen_max_running": 4,
        "gen_max_waiting": 3,
        "gen_mean_waiting_when_queued": 2.0,
        "gen_frac_steps_queued": 0.00020567667626491157,
        "gen_max_kv_usage": 0.11416070007955448,
        "gen_batch_hist": {
          "0": 38,
          "1-7": 43720,
          "8-31": 0,
          "32-63": 0,
          "64-127": 0,
          "128-255": 0,
          "256+": 0
        }
      },
      "16": {
        "mean_generator_latency": 31.919858090082805,
        "mean_verifier_latency": 0.5194287935892741,
        "mean_total_latency": 32.439286883672075,
        "mean_average_tokens_per_completion": 839.4583333333334,
        "mean_total_tokens": 18524.1,
        "mean_n_completion_tokens": 13431.333333333334,
        "mean_average_completion_times": 30.216605625053248,
        "mean_precise_goodput": 27.781357831844623,
        "gen_gpu_hit": 0.983536249069818,
        "gen_cpu_hit": 0.029804006263160737,
        "ver_gpu_hit": 0.8108286018742905,