{
    "avg_latency": 9.517802284000936,
    "latencies": [
        9.479308797999693,
        9.55629577000218
    ],
    "percentiles": {
        "10": 9.487007495199942,
        "25": 9.498555541000314,
        "50": 9.517802284000936,
        "75": 9.537049027001558,
        "90": 9.54859707280193,
        "99": 9.555525900282156
    }
}