{
    "avg_latency": 2.768879294500948,
    "latencies": [
        2.7731477420020383,
        2.764610846999858
    ],
    "percentiles": {
        "10": 2.765464536500076,
        "25": 2.766745070750403,
        "50": 2.768879294500948,
        "75": 2.7710135182514932,
        "90": 2.7722940525018203,
        "99": 2.7730623730520163
    }
}