{
    "avg_latency": 3.759934511497704,
    "latencies": [
        3.772244451996812,
        3.747624570998596
    ],
    "percentiles": {
        "10": 3.750086559098418,
        "25": 3.75377954124815,
        "50": 3.759934511497704,
        "75": 3.766089481747258,
        "90": 3.7697824638969903,
        "99": 3.77199825318683
    }
}