{
    "avg_latency": 29.53671970799769,
    "latencies": [
        29.53671970799769
    ],
    "percentiles": {
        "10": 29.53671970799769,
        "25": 29.53671970799769,
        "50": 29.53671970799769,
        "75": 29.53671970799769,
        "90": 29.53671970799769,
        "99": 29.53671970799769
    }
}