{
    "avg_latency": 8.336499734333605,
    "latencies": [
        8.338427325999874,
        8.336614969000948,
        8.334456907999993
    ],
    "percentiles": {
        "10": 8.334888520200185,
        "25": 8.33553593850047,
        "50": 8.336614969000948,
        "75": 8.33752114750041,
        "90": 8.338064854600088,
        "99": 8.338391078859894
    }
}