{
    "avg_latency": 8.032866283999587,
    "latencies": [
        8.031702992999271,
        8.038610248999248,
        8.028285610000239
    ],
    "percentiles": {
        "10": 8.028969086600046,
        "25": 8.029994301499755,
        "50": 8.031702992999271,
        "75": 8.03515662099926,
        "90": 8.037228797799253,
        "99": 8.038472103879249
    }
}