{
    "avg_latency": 6.717756599666548,
    "latencies": [
        6.7177704939999785,
        6.718115666999893,
        6.717383637999774
    ],
    "percentiles": {
        "10": 6.717461009199814,
        "25": 6.717577065999876,
        "50": 6.7177704939999785,
        "75": 6.717943080499936,
        "90": 6.7180466323999095,
        "99": 6.718108763539894
    }
}