{
    "avg_latency": 6.566955290333378,
    "latencies": [
        6.567193520999808,
        6.567175743000007,
        6.5664966070003175
    ],
    "percentiles": {
        "10": 6.5666324342002556,
        "25": 6.566836175000162,
        "50": 6.567175743000007,
        "75": 6.567184631999908,
        "90": 6.567189965399848,
        "99": 6.567193165439813
    }
}