{
    "avg_latency": 7.07393428999967,
    "latencies": [
        7.078355278999879,
        7.074726953999743,
        7.068720636999387
    ],
    "percentiles": {
        "10": 7.069921900399459,
        "25": 7.071723795499565,
        "50": 7.074726953999743,
        "75": 7.076541116499811,
        "90": 7.077629613999852,
        "99": 7.078282712499877
    }
}