{
    "avg_latency": 6.645100604000011,
    "latencies": [
        6.646787254000174,
        6.644625994999842,
        6.643888563000019
    ],
    "percentiles": {
        "10": 6.6440360493999835,
        "25": 6.64425727899993,
        "50": 6.644625994999842,
        "75": 6.645706624500008,
        "90": 6.646355002200107,
        "99": 6.646744028820167
    }
}