{
    "avg_latency": 6.462421005999204,
    "latencies": [
        6.461685995978769,
        6.461386825016234,
        6.464190197002608
    ],
    "percentiles": {
        "10": 6.461446659208741,
        "25": 6.4615364104975015,
        "50": 6.461685995978769,
        "75": 6.462938096490689,
        "90": 6.463689356797841,
        "99": 6.464140112982132
    }
}