{
    "avg_latency": 8.272684092999649,
    "latencies": [
        8.271741011998529,
        8.273185354000816,
        8.273125912999603
    ],
    "percentiles": {
        "10": 8.272017992198744,
        "25": 8.272433462499066,
        "50": 8.273125912999603,
        "75": 8.27315563350021,
        "90": 8.273173465800573,
        "99": 8.273184165180792
    }
}