{
    "avg_latency": 6.861851342666644,
    "latencies": [
        6.864229744000113,
        6.879021560999718,
        6.842302723000103
    ],
    "percentiles": {
        "10": 6.846688127200105,
        "25": 6.853266233500108,
        "50": 6.864229744000113,
        "75": 6.871625652499915,
        "90": 6.876063197599796,
        "99": 6.878725724659725
    }
}