{
    "avg_latency": 6.548352105333227,
    "latencies": [
        6.549010844999884,
        6.5483147949998965,
        6.547730675999901
    ],
    "percentiles": {
        "10": 6.5478474997999,
        "25": 6.548022735499899,
        "50": 6.5483147949998965,
        "75": 6.54866281999989,
        "90": 6.548871634999887,
        "99": 6.548996923999884
    }
}