{
    "avg_latency": 7.030514977999701,
    "latencies": [
        7.031677953999861,
        7.031777874999534,
        7.028089104999708
    ],
    "percentiles": {
        "10": 7.028806874799739,
        "25": 7.029883529499784,
        "50": 7.031677953999861,
        "75": 7.031727914499697,
        "90": 7.031757890799599,
        "99": 7.031775876579541
    }
}