{
    "avg_latency": 6.579948007666796,
    "latencies": [
        6.580857737000315,
        6.579237524999826,
        6.579748761000246
    ],
    "percentiles": {
        "10": 6.57933977219991,
        "25": 6.579493143000036,
        "50": 6.579748761000246,
        "75": 6.580303249000281,
        "90": 6.580635941800301,
        "99": 6.580835557480314
    }
}