{
    "avg_latency": 9.09278174100018,
    "latencies": [
        9.092879122999875,
        9.09186913800022,
        9.093596962000447
    ],
    "percentiles": {
        "10": 9.09207113500015,
        "25": 9.092374130500048,
        "50": 9.092879122999875,
        "75": 9.093238042500161,
        "90": 9.093453394200333,
        "99": 9.093582605220435
    }
}