{
    "avg_latency": 11.035195348667912,
    "latencies": [
        11.044561680999323,
        11.033746053002687,
        11.027278312001727
    ],
    "percentiles": {
        "10": 11.028571860201918,
        "25": 11.030512182502207,
        "50": 11.033746053002687,
        "75": 11.039153867001005,
        "90": 11.042398555399995,
        "99": 11.044345368439389
    }
}