{
    "avg_latency": 8.989729423000275,
    "latencies": [
        8.98931995400062,
        8.990207527000166,
        8.989660788000037
    ],
    "percentiles": {
        "10": 8.989388120800504,
        "25": 8.989490371000329,
        "50": 8.989660788000037,
        "75": 8.989934157500102,
        "90": 8.99009817920014,
        "99": 8.990196592220164
    }
}