{
    "avg_latency": 9.450179816000249,
    "latencies": [
        9.449841730000117,
        9.450692928000535,
        9.450004790000094
    ],
    "percentiles": {
        "10": 9.449874342000111,
        "25": 9.449923260000105,
        "50": 9.450004790000094,
        "75": 9.450348859000314,
        "90": 9.450555300400447,
        "99": 9.450679165240526
    }
}