{
    "avg_latency": 9.679319073666798,
    "latencies": [
        9.683318065000094,
        9.676279852000334,
        9.678359303999969
    ],
    "percentiles": {
        "10": 9.67669574240026,
        "25": 9.677319578000152,
        "50": 9.678359303999969,
        "75": 9.680838684500031,
        "90": 9.682326312800068,
        "99": 9.683218889780091
    }
}