{
    "avg_latency": 9.093488566999744,
    "latencies": [
        9.093527152000206,
        9.092807420999634,
        9.09413112799939
    ],
    "percentiles": {
        "10": 9.092951367199749,
        "25": 9.09316728649992,
        "50": 9.093527152000206,
        "75": 9.093829139999798,
        "90": 9.094010332799552,
        "99": 9.094119048479406
    }
}