{
    "avg_latency": 11.030704617332958,
    "latencies": [
        11.031878254998446,
        11.032968387000437,
        11.02726720999999
    ],
    "percentiles": {
        "10": 11.028189418999682,
        "25": 11.029572732499219,
        "50": 11.031878254998446,
        "75": 11.032423320999442,
        "90": 11.032750360600039,
        "99": 11.032946584360397
    }
}