{
    "avg_latency": 9.682784618666423,
    "latencies": [
        9.684680662000574,
        9.67850819099931,
        9.685165002999383
    ],
    "percentiles": {
        "10": 9.679742685199562,
        "25": 9.681594426499942,
        "50": 9.684680662000574,
        "75": 9.684922832499979,
        "90": 9.685068134799621,
        "99": 9.685155316179408
    }
}