{
    "avg_latency": 9.209737816333472,
    "latencies": [
        9.20982211699993,
        9.21048371300003,
        9.208907619000456
    ],
    "percentiles": {
        "10": 9.209090518600352,
        "25": 9.209364868000193,
        "50": 9.20982211699993,
        "75": 9.21015291499998,
        "90": 9.21035139380001,
        "99": 9.210470481080028
    }
}