{
    "avg_latency": 10.44315879999946,
    "latencies": [
        10.471929798999554,
        10.446089863999077,
        10.411456736999753
    ],
    "percentiles": {
        "10": 10.418383362399618,
        "25": 10.428773300499415,
        "50": 10.446089863999077,
        "75": 10.459009831499316,
        "90": 10.466761811999458,
        "99": 10.471413000299544
    }
}