{
    "avg_latency": 9.081489876333157,
    "latencies": [
        9.082148992999464,
        9.082931789000213,
        9.079388846999791
    ],
    "percentiles": {
        "10": 9.079940876199725,
        "25": 9.080768919999628,
        "50": 9.082148992999464,
        "75": 9.082540390999839,
        "90": 9.082775229800063,
        "99": 9.082916133080198
    }
}