{
    "avg_latency": 9.133933756666616,
    "latencies": [
        9.133248637999714,
        9.134808290000365,
        9.133744341999773
    ],
    "percentiles": {
        "10": 9.133347778799726,
        "25": 9.133496489999743,
        "50": 9.133744341999773,
        "75": 9.134276316000069,
        "90": 9.134595500400247,
        "99": 9.134787011040352
    }
}