{
    "avg_latency": 0.9342159483348951,
    "latencies": [
        0.933635763998609,
        0.9347159860190004,
        0.9342960949870758
    ],
    "percentiles": {
        "10": 0.9337678301963024,
        "25": 0.9339659294928424,
        "50": 0.9342960949870758,
        "75": 0.9345060405030381,
        "90": 0.9346320078126155,
        "99": 0.934707588198362
    }
}