{
    "avg_latency": 0.8835673433495685,
    "latencies": [
        0.8837886470137164,
        0.8833163609961048,
        0.8835970220388845
    ],
    "percentiles": {
        "10": 0.8833724932046607,
        "25": 0.8834566915174946,
        "50": 0.8835970220388845,
        "75": 0.8836928345263004,
        "90": 0.88375032201875,
        "99": 0.8837848145142198
    }
}