{
    "avg_latency": 2.4238555793335763,
    "latencies": [
        2.4223119670004962,
        2.424805609000032,
        2.424449162000201
    ],
    "percentiles": {
        "10": 2.4227394060004372,
        "25": 2.4233805645003486,
        "50": 2.424449162000201,
        "75": 2.4246273855001164,
        "90": 2.4247343196000655,
        "99": 2.4247984800600353
    }
}