{
    "avg_latency": 1.2804764653331706,
    "latencies": [
        1.2805533149994517,
        1.2805259699998714,
        1.280350111000189
    ],
    "percentiles": {
        "10": 1.2803852828001254,
        "25": 1.2804380405000302,
        "50": 1.2805259699998714,
        "75": 1.2805396424996616,
        "90": 1.2805478459995356,
        "99": 1.2805527680994602
    }
}