{
    "avg_latency": 1.0531074216705747,
    "latencies": [
        1.0528892939910293,
        1.0527911930112168,
        1.053641778009478
    ],
    "percentiles": {
        "10": 1.0528108132071794,
        "25": 1.052840243501123,
        "50": 1.0528892939910293,
        "75": 1.0532655360002536,
        "90": 1.0534912812057882,
        "99": 1.053626728329109
    }
}