{
    "avg_latency": 1.1048313576805715,
    "latencies": [
        1.1048597249900922,
        1.104898382036481,
        1.1047359660151415
    ],
    "percentiles": {
        "10": 1.1047607178101315,
        "25": 1.1047978455026168,
        "50": 1.1048597249900922,
        "75": 1.1048790535132866,
        "90": 1.1048906506272034,
        "99": 1.1048976088955533
    }
}