{
    "avg_latency": 2.387488082333524,
    "latencies": [
        2.384672260000116,
        2.3932853320002323,
        2.384506655000223
    ],
    "percentiles": {
        "10": 2.3845397760002016,
        "25": 2.3845894575001694,
        "50": 2.384672260000116,
        "75": 2.388978796000174,
        "90": 2.391562717600209,
        "99": 2.39311307056023
    }
}