{
    "avg_latency": 2.3201690656663536,
    "latencies": [
        2.319267733999368,
        2.3202751090002494,
        2.320964353999443
    ],
    "percentiles": {
        "10": 2.319469208999544,
        "25": 2.3197714214998086,
        "50": 2.3202751090002494,
        "75": 2.3206197314998462,
        "90": 2.320826504999604,
        "99": 2.3209505690994594
    }
}