{
    "avg_latency": 1.0189474013168365,
    "latencies": [
        1.0185328589868732,
        1.0189491769997403,
        1.019360167963896
    ],
    "percentiles": {
        "10": 1.0186161225894466,
        "25": 1.0187410179933067,
        "50": 1.0189491769997403,
        "75": 1.0191546724818181,
        "90": 1.0192779697710648,
        "99": 1.019351948144613
    }
}