{
    "avg_latency": 0.9681264706693279,
    "latencies": [
        0.9680031490279362,
        0.9681107689975761,
        0.9682654939824715
    ],
    "percentiles": {
        "10": 0.9680246730218641,
        "25": 0.9680569590127561,
        "50": 0.9681107689975761,
        "75": 0.9681881314900238,
        "90": 0.9682345489854924,
        "99": 0.9682623994827736
    }
}