{
    "avg_latency": 1.315890512999734,
    "latencies": [
        1.3163540209998246,
        1.3172025859994392,
        1.3141149319999386
    ],
    "percentiles": {
        "10": 1.3145627497999157,
        "25": 1.3152344764998816,
        "50": 1.3163540209998246,
        "75": 1.3167783034996319,
        "90": 1.3170328729995162,
        "99": 1.317185614699447
    }
}