{
    "avg_latency": 1.2293222926667415,
    "latencies": [
        1.2257637829998203,
        1.2279111110001395,
        1.234291984000265
    ],
    "percentiles": {
        "10": 1.226193248599884,
        "25": 1.2268374469999799,
        "50": 1.2279111110001395,
        "75": 1.2311015475002023,
        "90": 1.23301580940024,
        "99": 1.2341643665402626
    }
}