{
    "avg_latency": 15.738725140665338,
    "latencies": [
        15.739536347999092,
        15.739059036997787,
        15.737580036999134
    ],
    "percentiles": {
        "10": 15.737875836998864,
        "25": 15.73831953699846,
        "50": 15.739059036997787,
        "75": 15.73929769249844,
        "90": 15.739440885798832,
        "99": 15.739526801779066
    }
}