{
    "avg_latency": 13.561556038999697,
    "latencies": [
        13.561374123999485,
        13.560739687999558,
        13.562554305000049
    ],
    "percentiles": {
        "10": 13.560866575199544,
        "25": 13.561056905999521,
        "50": 13.561374123999485,
        "75": 13.561964214499767,
        "90": 13.562318268799936,
        "99": 13.562530701380037
    }
}