{
    "avg_latency": 14.153725443333315,
    "latencies": [
        14.153767878999133,
        14.155129216000205,
        14.152279235000606
    ],
    "percentiles": {
        "10": 14.15257696380031,
        "25": 14.15302355699987,
        "50": 14.153767878999133,
        "75": 14.154448547499669,
        "90": 14.15485694859999,
        "99": 14.155101989260183
    }
}