{
    "avg_latency": 13.526338396333509,
    "latencies": [
        13.526434002000315,
        13.525420689000384,
        13.52716049799983
    ],
    "percentiles": {
        "10": 13.52562335160037,
        "25": 13.52592734550035,
        "50": 13.526434002000315,
        "75": 13.526797250000072,
        "90": 13.527015198799926,
        "99": 13.52714596807984
    }
}