{
    "avg_latency": 13.475239130999702,
    "latencies": [
        13.473112968999885,
        13.477139486999477,
        13.475464936999742
    ],
    "percentiles": {
        "10": 13.473583362599857,
        "25": 13.474288952999814,
        "50": 13.475464936999742,
        "75": 13.47630221199961,
        "90": 13.47680457699953,
        "99": 13.477105995999482
    }
}