{
    "avg_latency": 13.54361718766692,
    "latencies": [
        13.542283355000109,
        13.54378500599978,
        13.544783202000872
    ],
    "percentiles": {
        "10": 13.542583685200043,
        "25": 13.543034180499944,
        "50": 13.54378500599978,
        "75": 13.544284104000326,
        "90": 13.544583562800653,
        "99": 13.54476323808085
    }
}