{
    "avg_latency": 14.178303408333099,
    "latencies": [
        14.177518960999805,
        14.180842601000222,
        14.176548662999267
    ],
    "percentiles": {
        "10": 14.176742722599375,
        "25": 14.177033811999536,
        "50": 14.177518960999805,
        "75": 14.179180781000014,
        "90": 14.180177873000138,
        "99": 14.180776128200215
    }
}