{
    "avg_latency": 13.562978683666794,
    "latencies": [
        13.562928237000051,
        13.56392457200036,
        13.562083241999972
    ],
    "percentiles": {
        "10": 13.562252240999987,
        "25": 13.562505739500011,
        "50": 13.562928237000051,
        "75": 13.563426404500206,
        "90": 13.563725305000299,
        "99": 13.563904645300354
    }
}