{
    "avg_latency": 15.613250352666606,
    "latencies": [
        15.611769012000877,
        15.62522648400045,
        15.602755561998492
    ],
    "percentiles": {
        "10": 15.60455825199897,
        "25": 15.607262286999685,
        "50": 15.611769012000877,
        "75": 15.618497748000664,
        "90": 15.622534989600535,
        "99": 15.624957334560458
    }
}