{
    "avg_latency": 15.482041925334974,
    "latencies": [
        15.4897582779995,
        15.467714950002119,
        15.488652548003301
    ],
    "percentiles": {
        "10": 15.471902469602355,
        "25": 15.47818374900271,
        "50": 15.488652548003301,
        "75": 15.4892054130014,
        "90": 15.48953713200026,
        "99": 15.489736163399575
    }
}