{
    "avg_latency": 14.257251803999983,
    "latencies": [
        14.254024400999697,
        14.25917094200031,
        14.258560068999941
    ],
    "percentiles": {
        "10": 14.254931534599745,
        "25": 14.256292234999819,
        "50": 14.258560068999941,
        "75": 14.258865505500125,
        "90": 14.259048767400236,
        "99": 14.259158724540303
    }
}