{
    "avg_latency": 13.490595442999924,
    "latencies": [
        13.489367336999749,
        13.49011369999971,
        13.49230529200031
    ],
    "percentiles": {
        "10": 13.489516609599741,
        "25": 13.48974051849973,
        "50": 13.49011369999971,
        "75": 13.49120949600001,
        "90": 13.49186697360019,
        "99": 13.492261460160298
    }
}