{
    "avg_latency": 20.47609533466554,
    "latencies": [
        20.474866759999713,
        20.4737971359973,
        20.479622107999603
    ],
    "percentiles": {
        "10": 20.474011060797785,
        "25": 20.474331947998508,
        "50": 20.474866759999713,
        "75": 20.477244433999658,
        "90": 20.478671038399625,
        "99": 20.479527001039607
    }
}