{
    "avg_latency": 17.938283902666626,
    "latencies": [
        17.931977367999934,
        17.939785610999934,
        17.94308872900001
    ],
    "percentiles": {
        "10": 17.933539016599934,
        "25": 17.935881489499934,
        "50": 17.939785610999934,
        "75": 17.941437169999972,
        "90": 17.942428105399994,
        "99": 17.943022666640008
    }
}