{
    "avg_latency": 18.83642513966667,
    "latencies": [
        18.83239368500017,
        18.83573874600006,
        18.841142987999774
    ],
    "percentiles": {
        "10": 18.83306269720015,
        "25": 18.834066215500116,
        "50": 18.83573874600006,
        "75": 18.838440866999917,
        "90": 18.84006213959983,
        "99": 18.84103490315978
    }
}