{
    "avg_latency": 18.83630958366666,
    "latencies": [
        18.832888635999552,
        18.836430712000038,
        18.839609403000395
    ],
    "percentiles": {
        "10": 18.83359705119965,
        "25": 18.834659673999795,
        "50": 18.836430712000038,
        "75": 18.838020057500216,
        "90": 18.838973664800324,
        "99": 18.839545829180388
    }
}