{
    "avg_latency": 17.939839250333534,
    "latencies": [
        17.934747222000624,
        17.942405091000182,
        17.942365437999797
    ],
    "percentiles": {
        "10": 17.93627086520046,
        "25": 17.93855633000021,
        "50": 17.942365437999797,
        "75": 17.94238526449999,
        "90": 17.942397160400105,
        "99": 17.942404297940175
    }
}