{
    "avg_latency": 20.47448962433312,
    "latencies": [
        20.473614819999057,
        20.47558687199853,
        20.47426718100178
    ],
    "percentiles": {
        "10": 20.473745292199602,
        "25": 20.473941000500417,
        "50": 20.47426718100178,
        "75": 20.474927026500154,
        "90": 20.47532293379918,
        "99": 20.475560478178593
    }
}