{
    "avg_latency": 17.94103738099966,
    "latencies": [
        17.94016772299983,
        17.94161017999977,
        17.941334239999378
    ],
    "percentiles": {
        "10": 17.94040102639974,
        "25": 17.940750981499605,
        "50": 17.941334239999378,
        "75": 17.941472209999574,
        "90": 17.94155499199969,
        "99": 17.94160466119976
    }
}