{
    "avg_latency": 18.836221910333432,
    "latencies": [
        18.834289442000227,
        18.837597740000092,
        18.836778548999973
    ],
    "percentiles": {
        "10": 18.834787263400177,
        "25": 18.8355339955001,
        "50": 18.836778548999973,
        "75": 18.837188144500033,
        "90": 18.83743390180007,
        "99": 18.837581356180088
    }
}