{
    "avg_latency": 17.933843739000014,
    "latencies": [
        17.929214339999817,
        17.936001783999927,
        17.936315093000303
    ],
    "percentiles": {
        "10": 17.930571828799838,
        "25": 17.932608061999872,
        "50": 17.936001783999927,
        "75": 17.936158438500115,
        "90": 17.936252431200227,
        "99": 17.936308826820294
    }
}