{
    "avg_latency": 17.946167397333436,
    "latencies": [
        17.947614560000147,
        17.947345767000115,
        17.943541865000043
    ],
    "percentiles": {
        "10": 17.944302645400057,
        "25": 17.94544381600008,
        "50": 17.947345767000115,
        "75": 17.94748016350013,
        "90": 17.94756080140014,
        "99": 17.94760918414015
    }
}