{
    "avg_latency": 20.47737235700212,
    "latencies": [
        20.47605679100161,
        20.476075458002015,
        20.479984822002734
    ],
    "percentiles": {
        "10": 20.476060524401692,
        "25": 20.476066124501813,
        "50": 20.476075458002015,
        "75": 20.478030140002375,
        "90": 20.47920294920259,
        "99": 20.47990663472272
    }
}