{
    "avg_latency": 17.941628483333563,
    "latencies": [
        17.939391853000416,
        17.940261632999864,
        17.945231964000413
    ],
    "percentiles": {
        "10": 17.939565809000307,
        "25": 17.93982674300014,
        "50": 17.940261632999864,
        "75": 17.94274679850014,
        "90": 17.944237897800303,
        "99": 17.945132557380404
    }
}