{
    "avg_latency": 2.9788828166668586,
    "latencies": [
        2.976460861000305,
        2.981165137000062,
        2.9790224520002084
    ],
    "percentiles": {
        "10": 2.976973179200286,
        "25": 2.977741656500257,
        "50": 2.9790224520002084,
        "75": 2.980093794500135,
        "90": 2.980736600000091,
        "99": 2.981122283300065
    }
}