{
    "avg_latency": 1.72794042933189,
    "latencies": [
        1.727478404995054,
        1.7281392780132592,
        1.7282036049873568
    ],
    "percentiles": {
        "10": 1.7276105795986951,
        "25": 1.7278088415041566,
        "50": 1.7281392780132592,
        "75": 1.728171441500308,
        "90": 1.7281907395925373,
        "99": 1.7282023184478748
    }
}