{
    "avg_latency": 3.0210726193333053,
    "latencies": [
        3.0277032469994083,
        3.01595332099987,
        3.019561290000638
    ],
    "percentiles": {
        "10": 3.0166749148000234,
        "25": 3.017757305500254,
        "50": 3.019561290000638,
        "75": 3.023632268500023,
        "90": 3.026074855599654,
        "99": 3.027540407859433
    }
}