{
    "avg_latency": 2.8501982136664687,
    "latencies": [
        2.848432793000029,
        2.8508754079994105,
        2.851286439999967
    ],
    "percentiles": {
        "10": 2.848921315999905,
        "25": 2.84965410049972,
        "50": 2.8508754079994105,
        "75": 2.851080923999689,
        "90": 2.851204233599856,
        "99": 2.851278219359956
    }
}