{
    "avg_latency": 1.901918962333184,
    "latencies": [
        1.8990228270004081,
        1.9009186549992592,
        1.9058154049998848
    ],
    "percentiles": {
        "10": 1.8994019926001784,
        "25": 1.8999707409998337,
        "50": 1.9009186549992592,
        "75": 1.903367029999572,
        "90": 1.9048360549997596,
        "99": 1.9057174699998722
    }
}