{
    "avg_latency": 1.4375706916713777,
    "latencies": [
        1.4374705069931224,
        1.4374350659782067,
        1.437806502042804
    ],
    "percentiles": {
        "10": 1.43744215418119,
        "25": 1.4374527864856645,
        "50": 1.4374705069931224,
        "75": 1.4376385045179632,
        "90": 1.4377393030328676,
        "99": 1.4377997821418103
    }
}