{
    "avg_latency": 1.6084180056738357,
    "latencies": [
        1.6083642399753444,
        1.6088197299977764,
        1.6080700470483862
    ],
    "percentiles": {
        "10": 1.6081288856337779,
        "25": 1.6082171435118653,
        "50": 1.6083642399753444,
        "75": 1.6085919849865604,
        "90": 1.60872863199329,
        "99": 1.6088106201973278
    }
}