{
    "avg_latency": 1.8607192850001109,
    "latencies": [
        1.8544814679999035,
        1.8628622470005212,
        1.8648141399999076
    ],
    "percentiles": {
        "10": 1.856157623800027,
        "25": 1.8586718575002124,
        "50": 1.8628622470005212,
        "75": 1.8638381935002144,
        "90": 1.8644237614000303,
        "99": 1.86477510213992
    }
}