{
    "avg_latency": 1.5065017093438655,
    "latencies": [
        1.506669911032077,
        1.5062625110149384,
        1.5065727059845813
    ],
    "percentiles": {
        "10": 1.506324550008867,
        "25": 1.5064176084997598,
        "50": 1.5065727059845813,
        "75": 1.506621308508329,
        "90": 1.5066504700225778,
        "99": 1.506667966931127
    }
}