{
    "avg_latency": 1.5398470996685016,
    "latencies": [
        1.539878886018414,
        1.5398436320247129,
        1.5398187809623778
    ],
    "percentiles": {
        "10": 1.5398237511748447,
        "25": 1.5398312064935453,
        "50": 1.5398436320247129,
        "75": 1.5398612590215635,
        "90": 1.5398718352196739,
        "99": 1.53987818093854
    }
}