{
    "avg_latency": 1.768987594000161,
    "latencies": [
        1.7795413339999868,
        1.7635928370000329,
        1.7638286110004628
    ],
    "percentiles": {
        "10": 1.7636399918001189,
        "25": 1.7637107240002479,
        "50": 1.7638286110004628,
        "75": 1.7716849725002248,
        "90": 1.7763987894000821,
        "99": 1.7792270795399963
    }
}