{
    "avg_latency": 1.6596707763383165,
    "latencies": [
        1.6599995690048672,
        1.65980511700036,
        1.6592076430097222
    ],
    "percentiles": {
        "10": 1.6593271378078498,
        "25": 1.6595063800050411,
        "50": 1.65980511700036,
        "75": 1.6599023430026136,
        "90": 1.6599606786039658,
        "99": 1.659995679964777
    }
}