{
    "avg_latency": 3.4577376776669553,
    "latencies": [
        3.477137935000428,
        3.458101716000783,
        3.4379733819996545
    ],
    "percentiles": {
        "10": 3.44199904879988,
        "25": 3.448037549000219,
        "50": 3.458101716000783,
        "75": 3.4676198255006057,
        "90": 3.4733306912004993,
        "99": 3.4767572106204354
    }
}