{
    "avg_latency": 3.6780760136671233,
    "latencies": [
        3.6777508820005096,
        3.6770300510006564,
        3.679447108000204
    ],
    "percentiles": {
        "10": 3.677174217200627,
        "25": 3.677390466500583,
        "50": 3.6777508820005096,
        "75": 3.678598995000357,
        "90": 3.679107862800265,
        "99": 3.67941318348021
    }
}