{
    "avg_latency": 2.3012657006426402,
    "latencies": [
        2.3010694349650294,
        2.3014145430061035,
        2.3013131239567883
    ],
    "percentiles": {
        "10": 2.301118172763381,
        "25": 2.301191279460909,
        "50": 2.3013131239567883,
        "75": 2.301363833481446,
        "90": 2.3013942591962406,
        "99": 2.301412514625117
    }
}