{
    "avg_latency": 2.0443272149811187,
    "latencies": [
        2.0441339209792204,
        2.0446040889946744,
        2.0442436349694617
    ],
    "percentiles": {
        "10": 2.0441558637772688,
        "25": 2.044188777974341,
        "50": 2.0442436349694617,
        "75": 2.044423861982068,
        "90": 2.044531998189632,
        "99": 2.0445968799141703
    }
}