{
    "avg_latency": 2.5946729826664523,
    "latencies": [
        2.594267681999554,
        2.594864755999879,
        2.594886509999924
    ],
    "percentiles": {
        "10": 2.594387096799619,
        "25": 2.5945662189997165,
        "50": 2.594864755999879,
        "75": 2.5948756329999014,
        "90": 2.5948821591999147,
        "99": 2.594886074919923
    }
}