{
    "avg_latency": 2.1627967356471345,
    "latencies": [
        2.158374049991835,
        2.1653654419933446,
        2.164650714956224
    ],
    "percentiles": {
        "10": 2.1596293829847126,
        "25": 2.1615123824740294,
        "50": 2.164650714956224,
        "75": 2.1650080784747843,
        "90": 2.1652224965859204,
        "99": 2.1653511474526024
    }
}