{
    "avg_latency": 2.5427831343334524,
    "latencies": [
        2.543122709999807,
        2.544454674000008,
        2.540772019000542
    ],
    "percentiles": {
        "10": 2.541242157200395,
        "25": 2.5419473645001744,
        "50": 2.543122709999807,
        "75": 2.5437886919999073,
        "90": 2.5441882811999674,
        "99": 2.5444280347200037
    }
}