{
    "avg_latency": 2.2500369289967543,
    "latencies": [
        2.24941491096979,
        2.2502089330228046,
        2.250486942997668
    ],
    "percentiles": {
        "10": 2.249573715380393,
        "25": 2.2498119219962973,
        "50": 2.2502089330228046,
        "75": 2.2503479380102362,
        "90": 2.2504313410026953,
        "99": 2.2504813827981707
    }
}