{
    "avg_latency": 3.7393075610001083,
    "latencies": [
        3.7381274580002355,
        3.741900971999712,
        3.737894253000377
    ],
    "percentiles": {
        "10": 3.7379408940003485,
        "25": 3.738010855500306,
        "50": 3.7381274580002355,
        "75": 3.7400142149999738,
        "90": 3.7411462691998167,
        "99": 3.7418255017197226
    }
}