{
    "avg_latency": 2.3519860093365423,
    "latencies": [
        2.3516463339910842,
        2.3524394640116952,
        2.3518722300068475
    ],
    "percentiles": {
        "10": 2.351691513194237,
        "25": 2.351759281998966,
        "50": 2.3518722300068475,
        "75": 2.3521558470092714,
        "90": 2.352326017210726,
        "99": 2.352428119331598
    }
}