{
    "avg_latency": 2.2157152666865536,
    "latencies": [
        2.215424531023018,
        2.216008690011222,
        2.2157125790254213
    ],
    "percentiles": {
        "10": 2.215482140623499,
        "25": 2.2155685550242197,
        "50": 2.2157125790254213,
        "75": 2.2158606345183216,
        "90": 2.215949467814062,
        "99": 2.216002767791506
    }
}