{
    "avg_latency": 2.353611220666911,
    "latencies": [
        2.3503289099999165,
        2.360783251000612,
        2.3497215010002037
    ],
    "percentiles": {
        "10": 2.3498429828001464,
        "25": 2.35002520550006,
        "50": 2.3503289099999165,
        "75": 2.355556080500264,
        "90": 2.3586923828004727,
        "99": 2.360574164180598
    }
}