{
    "avg_latency": 2.599550464999387,
    "latencies": [
        2.599617864998436,
        2.5995467149987235,
        2.5994868150010007
    ],
    "percentiles": {
        "10": 2.599498795000545,
        "25": 2.599516764999862,
        "50": 2.5995467149987235,
        "75": 2.5995822899985797,
        "90": 2.5996036349984935,
        "99": 2.5996164419984416
    }
}