{
    "avg_latency": 2.7353946606550985,
    "latencies": [
        2.7350107170059346,
        2.7363810379756615,
        2.7347922269837
    ],
    "percentiles": {
        "10": 2.734835924988147,
        "25": 2.7349014719948173,
        "50": 2.7350107170059346,
        "75": 2.735695877490798,
        "90": 2.736106973781716,
        "99": 2.736353631556267
    }
}