{
    "avg_latency": 2.8397747670145086,
    "latencies": [
        2.84035454003606,
        2.839270905009471,
        2.8396988559979945
    ],
    "percentiles": {
        "10": 2.8393564952071757,
        "25": 2.8394848805037327,
        "50": 2.8396988559979945,
        "75": 2.8400266980170272,
        "90": 2.840223403228447,
        "99": 2.8403414263552986
    }
}