{
    "avg_latency": 2.8888445730008243,
    "latencies": [
        2.8858930700007477,
        2.8892722050004522,
        2.891368444001273
    ],
    "percentiles": {
        "10": 2.8865688970006884,
        "25": 2.8875826375006,
        "50": 2.8892722050004522,
        "75": 2.8903203245008626,
        "90": 2.8909491962011087,
        "99": 2.8913265192212565
    }
}