{
    "avg_latency": 3.962059693666864,
    "latencies": [
        3.973930374999327,
        3.957556723999005,
        3.9546919820022595
    ],
    "percentiles": {
        "10": 3.9552649304016088,
        "25": 3.9561243530006323,
        "50": 3.957556723999005,
        "75": 3.965743549499166,
        "90": 3.9706556447992627,
        "99": 3.9736029019793206
    }
}