{
    "avg_latency": 2.904740458000257,
    "latencies": [
        2.886495548998937,
        2.9229836279992014,
        2.9047421970026335
    ],
    "percentiles": {
        "10": 2.8901448785996764,
        "25": 2.8956188730007852,
        "50": 2.9047421970026335,
        "75": 2.9138629125009174,
        "90": 2.9193353417998877,
        "99": 2.9226187993792703
    }
}