{
    "avg_latency": 2.9080564943530285,
    "latencies": [
        2.907826211012434,
        2.9081311330082826,
        2.908212139038369
    ],
    "percentiles": {
        "10": 2.907887195411604,
        "25": 2.9079786720103584,
        "50": 2.9081311330082826,
        "75": 2.908171636023326,
        "90": 2.908195937832352,
        "99": 2.9082105189177674
    }
}