{
    "avg_latency": 2.7721915453633605,
    "latencies": [
        2.7722169880289584,
        2.772216441051569,
        2.772141207009554
    ],
    "percentiles": {
        "10": 2.7721562538179567,
        "25": 2.7721788240305614,
        "50": 2.772216441051569,
        "75": 2.7722167145402636,
        "90": 2.7722168786334804,
        "99": 2.7722169770894105
    }
}