{
    "avg_latency": 4.231579005333212,
    "latencies": [
        4.227143993999562,
        4.230444089999764,
        4.237148932000309
    ],
    "percentiles": {
        "10": 4.227804013199602,
        "25": 4.228794041999663,
        "50": 4.230444089999764,
        "75": 4.233796511000037,
        "90": 4.2358079636002,
        "99": 4.2370148351602985
    }
}