{
    "avg_latency": 3.966755238666034,
    "latencies": [
        3.960733072999574,
        3.9577447319970815,
        3.9817879110014474
    ],
    "percentiles": {
        "10": 3.95834240019758,
        "25": 3.9592389024983277,
        "50": 3.960733072999574,
        "75": 3.9712604920005106,
        "90": 3.977576943401073,
        "99": 3.98136681424141
    }
}