{
    "avg_latency": 4.315141943666579,
    "latencies": [
        4.316903246999573,
        4.313883939000334,
        4.314638644999832
    ],
    "percentiles": {
        "10": 4.314034880200234,
        "25": 4.314261292000083,
        "50": 4.314638644999832,
        "75": 4.315770945999702,
        "90": 4.316450326599624,
        "99": 4.316857954959578
    }
}