{
    "avg_latency": 2.5993800156672173,
    "latencies": [
        2.599209701998916,
        2.5996555450001324,
        2.599274800002604
    ],
    "percentiles": {
        "10": 2.5992227215996535,
        "25": 2.59924225100076,
        "50": 2.599274800002604,
        "75": 2.599465172501368,
        "90": 2.599579396000627,
        "99": 2.599647930100182
    }
}