{
    "avg_latency": 3.1679045973332904,
    "latencies": [
        3.167692055999396,
        3.1675290230004975,
        3.168492712999978
    ],
    "percentiles": {
        "10": 3.1675616296002773,
        "25": 3.1676105394999468,
        "50": 3.167692055999396,
        "75": 3.168092384499687,
        "90": 3.1683325815998615,
        "99": 3.168476699859966
    }
}