{
    "avg_latency": 2.9459281740000733,
    "latencies": [
        2.9402306130004945,
        2.948515326999768,
        2.9490385819999574
    ],
    "percentiles": {
        "10": 2.941887555800349,
        "25": 2.9443729700001313,
        "50": 2.948515326999768,
        "75": 2.9487769544998628,
        "90": 2.9489339309999196,
        "99": 2.9490281168999535
    }
}