{
    "avg_latency": 2.9774482436672165,
    "latencies": [
        2.9768206590088084,
        2.9780399869778194,
        2.9774840850150213
    ],
    "percentiles": {
        "10": 2.976953344210051,
        "25": 2.977152372011915,
        "50": 2.9774840850150213,
        "75": 2.9777620359964203,
        "90": 2.97792880658526,
        "99": 2.9780288689385634
    }
}