{
    "avg_latency": 2.600247786667751,
    "latencies": [
        2.5998246659983124,
        2.600183697002649,
        2.6007349970022915
    ],
    "percentiles": {
        "10": 2.5998964721991795,
        "25": 2.6000041815004806,
        "50": 2.600183697002649,
        "75": 2.60045934700247,
        "90": 2.600624737002363,
        "99": 2.6007239710022985
    }
}