{
    "avg_latency": 2.893505368334445,
    "latencies": [
        2.8883105860004434,
        2.8857499610021478,
        2.9064555580007436
    ],
    "percentiles": {
        "10": 2.886262086001807,
        "25": 2.8870302735012956,
        "50": 2.8883105860004434,
        "75": 2.8973830720005935,
        "90": 2.9028265636006836,
        "99": 2.9060926585607376
    }
}