{
    "avg_latency": 3.0994412936664353,
    "latencies": [
        3.092433484999674,
        3.1026441289996,
        3.1032462670000314
    ],
    "percentiles": {
        "10": 3.094475613799659,
        "25": 3.097538806999637,
        "50": 3.1026441289996,
        "75": 3.1029451979998157,
        "90": 3.103125839399945,
        "99": 3.1032342242400226
    }
}