{
    "avg_latency": 2.651880761317443,
    "latencies": [
        2.651653301960323,
        2.6513579260208644,
        2.652631055971142
    ],
    "percentiles": {
        "10": 2.651417001208756,
        "25": 2.6515056139905937,
        "50": 2.651653301960323,
        "75": 2.6521421789657325,
        "90": 2.6524355051689783,
        "99": 2.6526115008909255
    }
}