{
    "avg_latency": 4.023932057333089,
    "latencies": [
        4.032451837999361,
        4.018182562999755,
        4.021161771000152
    ],
    "percentiles": {
        "10": 4.018778404599834,
        "25": 4.019672166999953,
        "50": 4.021161771000152,
        "75": 4.026806804499756,
        "90": 4.030193824599519,
        "99": 4.0322260366593765
    }
}