{
    "avg_latency": 3.2758007783365124,
    "latencies": [
        3.275755979004316,
        3.275546149001457,
        3.276100207003765
    ],
    "percentiles": {
        "10": 3.2755881150020287,
        "25": 3.2756510640028864,
        "50": 3.275755979004316,
        "75": 3.2759280930040404,
        "90": 3.276031361403875,
        "99": 3.276093322443776
    }
}