{
    "avg_latency": 3.5153523626698493,
    "latencies": [
        3.5150289660086855,
        3.515727263991721,
        3.515300858009141
    ],
    "percentiles": {
        "10": 3.515083344408777,
        "25": 3.5151649120089132,
        "50": 3.515300858009141,
        "75": 3.515514061000431,
        "90": 3.515641982795205,
        "99": 3.515718735872069
    }
}