{
    "avg_latency": 3.4804676206355603,
    "latencies": [
        3.4803748999838717,
        3.4809740869677626,
        3.480053874955047
    ],
    "percentiles": {
        "10": 3.480118079960812,
        "25": 3.4802143874694593,
        "50": 3.4803748999838717,
        "75": 3.480674493475817,
        "90": 3.480854249570984,
        "99": 3.4809621032280846
    }
}