{
    "avg_latency": 5.016738953666693,
    "latencies": [
        5.012199861999761,
        5.017706444999931,
        5.020310554000389
    ],
    "percentiles": {
        "10": 5.013301178599795,
        "25": 5.014953153499846,
        "50": 5.017706444999931,
        "75": 5.01900849950016,
        "90": 5.019789732200297,
        "99": 5.02025847182038
    }
}