{
    "avg_latency": 3.8485925770000904,
    "latencies": [
        3.8493790829998034,
        3.849901870999929,
        3.8464967770005387
    ],
    "percentiles": {
        "10": 3.847073238200392,
        "25": 3.847937930000171,
        "50": 3.8493790829998034,
        "75": 3.8496404769998662,
        "90": 3.849797313399904,
        "99": 3.8498914152399264
    }
}