{
    "avg_latency": 3.8975774706668744,
    "latencies": [
        3.9028240010002264,
        3.895738385000186,
        3.894170026000211
    ],
    "percentiles": {
        "10": 3.8944836978002058,
        "25": 3.8949542055001984,
        "50": 3.895738385000186,
        "75": 3.8992811930002063,
        "90": 3.9014068778002184,
        "99": 3.9026822886802255
    }
}