{
    "avg_latency": 4.676445783333293,
    "latencies": [
        4.700593067999762,
        4.6724781390003045,
        4.656266142999812
    ],
    "percentiles": {
        "10": 4.6595085421999105,
        "25": 4.664372141000058,
        "50": 4.6724781390003045,
        "75": 4.686535603500033,
        "90": 4.6949700821998706,
        "99": 4.700030769419772
    }
}