{
    "avg_latency": 3.553381955000077,
    "latencies": [
        3.5432445780006674,
        3.55979589799972,
        3.557105388999844
    ],
    "percentiles": {
        "10": 3.5460167402005025,
        "25": 3.5501749835002556,
        "50": 3.557105388999844,
        "75": 3.558450643499782,
        "90": 3.559257796199745,
        "99": 3.5597420878197226
    }
}