{
    "avg_latency": 3.5946049916674383,
    "latencies": [
        3.593311241012998,
        3.595618474006187,
        3.59488525998313
    ],
    "percentiles": {
        "10": 3.5936260448070243,
        "25": 3.594098250498064,
        "50": 3.59488525998313,
        "75": 3.5952518669946585,
        "90": 3.595471831201576,
        "99": 3.595603809725726
    }
}