{
    "avg_latency": 5.07642342800015,
    "latencies": [
        5.072795467998731,
        5.076515828000993,
        5.079958988000726
    ],
    "percentiles": {
        "10": 5.073539539999183,
        "25": 5.074655647999862,
        "50": 5.076515828000993,
        "75": 5.078237408000859,
        "90": 5.079270356000779,
        "99": 5.079890124800731
    }
}