{
    "avg_latency": 3.4291827283450402,
    "latencies": [
        3.4294085620203987,
        3.429138971026987,
        3.429000651987735
    ],
    "percentiles": {
        "10": 3.4290283157955854,
        "25": 3.429069811507361,
        "50": 3.429138971026987,
        "75": 3.4292737665236928,
        "90": 3.4293546438217164,
        "99": 3.4294031702005303
    }
}