{
    "avg_latency": 3.5657460163347423,
    "latencies": [
        3.5662000920274295,
        3.5649604109930806,
        3.566077545983717
    ],
    "percentiles": {
        "10": 3.5651838379912077,
        "25": 3.5655189784883987,
        "50": 3.566077545983717,
        "75": 3.566138819005573,
        "90": 3.566175582818687,
        "99": 3.5661976411065552
    }
}