{
    "avg_latency": 4.8484792486666874,
    "latencies": [
        4.8445392360008555,
        4.856570618999285,
        4.844327890999921
    ],
    "percentiles": {
        "10": 4.844370160000108,
        "25": 4.844433563500388,
        "50": 4.8445392360008555,
        "75": 4.85055492750007,
        "90": 4.854164342399599,
        "99": 4.856329991339317
    }
}