{
    "avg_latency": 4.839363693996954,
    "latencies": [
        4.83933192800032,
        4.838613801985048,
        4.840145352005493
    ],
    "percentiles": {
        "10": 4.838757427188102,
        "25": 4.838972864992684,
        "50": 4.83933192800032,
        "75": 4.839738640002906,
        "90": 4.839982667204458,
        "99": 4.840129083525389
    }
}