{
    "avg_latency": 4.536974726322417,
    "latencies": [
        4.536844287998974,
        4.536942670994904,
        4.537137219973374
    ],
    "percentiles": {
        "10": 4.53686396459816,
        "25": 4.536893479496939,
        "50": 4.536942670994904,
        "75": 4.537039945484139,
        "90": 4.53709831017768,
        "99": 4.5371333289938045
    }
}