{
    "avg_latency": 5.126903703000001,
    "latencies": [
        5.121935801000291,
        5.128344947999722,
        5.130430359999991
    ],
    "percentiles": {
        "10": 5.123217630400177,
        "25": 5.125140374500006,
        "50": 5.128344947999722,
        "75": 5.129387653999856,
        "90": 5.130013277599938,
        "99": 5.1303886517599855
    }
}