{
    "avg_latency": 4.6723724520027945,
    "latencies": [
        4.671346652030479,
        4.6730230510002,
        4.672747652977705
    ],
    "percentiles": {
        "10": 4.671626852219925,
        "25": 4.672047152504092,
        "50": 4.672747652977705,
        "75": 4.672885351988953,
        "90": 4.6729679713957015,
        "99": 4.673017543039751
    }
}