{
    "avg_latency": 5.182135627666564,
    "latencies": [
        5.171797134999906,
        5.178718498999842,
        5.195891248999942
    ],
    "percentiles": {
        "10": 5.173181407799893,
        "25": 5.175257816999874,
        "50": 5.178718498999842,
        "75": 5.187304873999892,
        "90": 5.192456698999922,
        "99": 5.19554779399994
    }
}