{
    "avg_latency": 4.729329727337851,
    "latencies": [
        4.7295038779848255,
        4.728392628021538,
        4.730092676007189
    ],
    "percentiles": {
        "10": 4.728614878014196,
        "25": 4.728948253003182,
        "50": 4.7295038779848255,
        "75": 4.729798276996007,
        "90": 4.729974916402716,
        "99": 4.730080900046741
    }
}