{
    "avg_latency": 4.813888808324312,
    "latencies": [
        4.8147703079739586,
        4.813525517995004,
        4.813370599003974
    ],
    "percentiles": {
        "10": 4.813401582802181,
        "25": 4.813448058499489,
        "50": 4.813525517995004,
        "75": 4.814147912984481,
        "90": 4.814521349978167,
        "99": 4.814745412174379
    }
}