{
    "avg_latency": 5.9516490259999655,
    "latencies": [
        5.97301721400072,
        5.9474479949985835,
        5.934481869000592
    ],
    "percentiles": {
        "10": 5.937075094200191,
        "25": 5.940964931999588,
        "50": 5.9474479949985835,
        "75": 5.960232604499652,
        "90": 5.967903370200292,
        "99": 5.972505829620677
    }
}