{
    "avg_latency": 6.339612233666533,
    "latencies": [
        6.341970698000296,
        6.3376035609999235,
        6.339262441999381
    ],
    "percentiles": {
        "10": 6.337935337199815,
        "25": 6.338433001499652,
        "50": 6.339262441999381,
        "75": 6.340616569999838,
        "90": 6.341429046800113,
        "99": 6.341916532880277
    }
}