{
    "avg_latency": 4.762420938001014,
    "latencies": [
        4.762825474026613,
        4.76187215000391,
        4.76256518997252
    ],
    "percentiles": {
        "10": 4.762010757997632,
        "25": 4.762218669988215,
        "50": 4.76256518997252,
        "75": 4.762695331999566,
        "90": 4.7627734172157945,
        "99": 4.762820268345531
    }
}