{
    "avg_latency": 6.397369518334017,
    "latencies": [
        6.397139946000607,
        6.397555541001566,
        6.397413067999878
    ],
    "percentiles": {
        "10": 6.397194570400461,
        "25": 6.397276507000242,
        "50": 6.397413067999878,
        "75": 6.397484304500722,
        "90": 6.397527046401228,
        "99": 6.397552691541532
    }
}