{
    "avg_latency": 34.95443824600079,
    "latencies": [
        34.94992415199522,
        34.95735528599471,
        34.956035300012445
    ],
    "percentiles": {
        "10": 34.95114638159866,
        "25": 34.95297972600383,
        "50": 34.956035300012445,
        "75": 34.95669529300358,
        "90": 34.95709128879825,
        "99": 34.957328886275064
    }
}