{
    "avg_latency": 70.06882623033987,
    "latencies": [
        70.08156970501295,
        70.06794459299999,
        70.05696439300664
    ],
    "percentiles": {
        "10": 70.0591604330053,
        "25": 70.06245449300332,
        "50": 70.06794459299999,
        "75": 70.07475714900647,
        "90": 70.07884468261037,
        "99": 70.08129720277269
    }
}