{
    "avg_latency": 35.219042377333004,
    "latencies": [
        35.22536781799863,
        35.21978958600084,
        35.21196972799953
    ],
    "percentiles": {
        "10": 35.21353369959979,
        "25": 35.21587965700019,
        "50": 35.21978958600084,
        "75": 35.22257870199974,
        "90": 35.224252171599076,
        "99": 35.22525625335867
    }
}