{
    "avg_latency": 69.83860849168074,
    "latencies": [
        69.82604487400386,
        69.83704302401748,
        69.85273757702089
    ],
    "percentiles": {
        "10": 69.82824450400658,
        "25": 69.83154394901067,
        "50": 69.83704302401748,
        "75": 69.84489030051918,
        "90": 69.8495986664202,
        "99": 69.85242368596082
    }
}