{
    "avg_latency": 10.228951350669377,
    "latencies": [
        10.224903499998618,
        10.212085995997768,
        10.249864556011744
    ],
    "percentiles": {
        "10": 10.214649496797938,
        "25": 10.218494747998193,
        "50": 10.224903499998618,
        "75": 10.23738402800518,
        "90": 10.244872344809119,
        "99": 10.24936533489148
    }
}