{
    "avg_latency": 35.1351216036613,
    "latencies": [
        35.1339655519987,
        35.133854615996825,
        35.13754464298836
    ],
    "percentiles": {
        "10": 35.1338768031972,
        "25": 35.13391008399776,
        "50": 35.1339655519987,
        "75": 35.13575509749353,
        "90": 35.13682882479043,
        "99": 35.13747306116856
    }
}