{
    "avg_latency": 69.9120489556711,
    "latencies": [
        69.90502859200933,
        69.91413736299728,
        69.9169809120067
    ],
    "percentiles": {
        "10": 69.90685034620692,
        "25": 69.9095829775033,
        "50": 69.91413736299728,
        "75": 69.91555913750199,
        "90": 69.91641220220481,
        "99": 69.9169240410265
    }
}