{
    "avg_latency": 17.901830349990632,
    "latencies": [
        17.889541426993674,
        17.920092271000613,
        17.89585735197761
    ],
    "percentiles": {
        "10": 17.89080461199046,
        "25": 17.892699389485642,
        "50": 17.89585735197761,
        "75": 17.90797481148911,
        "90": 17.91524528719601,
        "99": 17.91960757262015
    }
}