{
    "avg_latency": 5.222600031993352,
    "latencies": [
        5.22007003298495,
        5.224836170003982,
        5.222893892991124
    ],
    "percentiles": {
        "10": 5.220634804986185,
        "25": 5.221481962988037,
        "50": 5.222893892991124,
        "75": 5.223865031497553,
        "90": 5.2244477146014106,
        "99": 5.224797324463725
    }
}