{
    "avg_latency": 10.644958557997597,
    "latencies": [
        10.644838733016513,
        10.639785815990763,
        10.650251124985516
    ],
    "percentiles": {
        "10": 10.640796399395914,
        "25": 10.642312274503638,
        "50": 10.644838733016513,
        "75": 10.647544929001015,
        "90": 10.649168646591715,
        "99": 10.650142877146136
    }
}