{
    "avg_latency": 5.001928161005101,
    "latencies": [
        5.002211468003225,
        5.000988531013718,
        5.002584483998362
    ],
    "percentiles": {
        "10": 5.001233118411619,
        "25": 5.001599999508471,
        "50": 5.002211468003225,
        "75": 5.002397976000793,
        "90": 5.002509880799335,
        "99": 5.002577023678459
    }
}