{
    "avg_latency": 5.329192509661273,
    "latencies": [
        5.329247048997786,
        5.3300302639836445,
        5.32830021600239
    ],
    "percentiles": {
        "10": 5.328489582601469,
        "25": 5.328773632500088,
        "50": 5.329247048997786,
        "75": 5.329638656490715,
        "90": 5.329873620986473,
        "99": 5.330014599683928
    }
}