{
    "avg_latency": 10.070169624338936,
    "latencies": [
        10.069793528004084,
        10.068218294007238,
        10.072497051005485
    ],
    "percentiles": {
        "10": 10.068533340806606,
        "25": 10.069005911005661,
        "50": 10.069793528004084,
        "75": 10.071145289504784,
        "90": 10.071956346405205,
        "99": 10.072442980545457
    }
}