{
    "avg_latency": 5.938039281677145,
    "latencies": [
        5.937902955018217,
        5.937542049010517,
        5.938672841002699
    ],
    "percentiles": {
        "10": 5.937614230212057,
        "25": 5.937722502014367,
        "50": 5.937902955018217,
        "75": 5.938287898010458,
        "90": 5.938518863805802,
        "99": 5.9386574432830095
    }
}