{
    "avg_latency": 70.63810459367232,
    "latencies": [
        70.64828051201766,
        70.63552320899907,
        70.63051006000023
    ],
    "percentiles": {
        "10": 70.6315126898,
        "25": 70.63301663449965,
        "50": 70.63552320899907,
        "75": 70.64190186050837,
        "90": 70.64572905141395,
        "99": 70.6480253659573
    }
}