{
    "avg_latency": 5.055945466990427,
    "latencies": [
        5.0517548179777805,
        5.057066870998824,
        5.059014711994678
    ],
    "percentiles": {
        "10": 5.052817228581989,
        "25": 5.054410844488302,
        "50": 5.057066870998824,
        "75": 5.058040791496751,
        "90": 5.058625143795507,
        "99": 5.05897575517476
    }
}