{
    "avg_latency": 70.41892068166635,
    "latencies": [
        70.40421975401114,
        70.42107338100323,
        70.43146890998469
    ],
    "percentiles": {
        "10": 70.40759047940955,
        "25": 70.41264656750718,
        "50": 70.42107338100323,
        "75": 70.42627114549396,
        "90": 70.42938980418839,
        "99": 70.43126099940505
    }
}