{
    "avg_latency": 10.351726603335313,
    "latencies": [
        10.346050858002855,
        10.351765619998332,
        10.357363332004752
    ],
    "percentiles": {
        "10": 10.34719381040195,
        "25": 10.348908239000593,
        "50": 10.351765619998332,
        "75": 10.354564476001542,
        "90": 10.356243789603468,
        "99": 10.357251377764623
    }
}