{
    "avg_latency": 70.48975764399317,
    "latencies": [
        70.48198552598478,
        70.50314715699642,
        70.4841402489983
    ],
    "percentiles": {
        "10": 70.48241647058748,
        "25": 70.48306288749154,
        "50": 70.4841402489983,
        "75": 70.49364370299736,
        "90": 70.49934577539679,
        "99": 70.50276701883645
    }
}