{
    "avg_latency": 35.078310018997094,
    "latencies": [
        35.077658476977376,
        35.06889244701597,
        35.08837913299794
    ],
    "percentiles": {
        "10": 35.07064565300825,
        "25": 35.07327546199667,
        "50": 35.077658476977376,
        "75": 35.08301880498766,
        "90": 35.08623500179383,
        "99": 35.08816471987753
    }
}