{
    "avg_latency": 17.49794401533048,
    "latencies": [
        17.4982589680003,
        17.509658483992098,
        17.48591459399904
    ],
    "percentiles": {
        "10": 17.48838346879929,
        "25": 17.49208678099967,
        "50": 17.4982589680003,
        "75": 17.5039587259962,
        "90": 17.507378580793738,
        "99": 17.509430493672262
    }
}