{
    "avg_latency": 6.17861466233929,
    "latencies": [
        6.178898103011306,
        6.178376019001007,
        6.1785698650055565
    ],
    "percentiles": {
        "10": 6.178414788201917,
        "25": 6.178472942003282,
        "50": 6.1785698650055565,
        "75": 6.178733984008431,
        "90": 6.178832455410157,
        "99": 6.178891538251191
    }
}