{
    "avg_latency": 35.46807569566105,
    "latencies": [
        35.46795722999377,
        35.46528500400018,
        35.470984852989204
    ],
    "percentiles": {
        "10": 35.4658194491989,
        "25": 35.466621116996976,
        "50": 35.46795722999377,
        "75": 35.46947104149149,
        "90": 35.470379328390116,
        "99": 35.4709243005293
    }
}