{
    "avg_latency": 10.458505973345988,
    "latencies": [
        10.456940914998995,
        10.464796227024635,
        10.453780778014334
    ],
    "percentiles": {
        "10": 10.454412805411266,
        "25": 10.455360846506665,
        "50": 10.456940914998995,
        "75": 10.460868571011815,
        "90": 10.463225164619507,
        "99": 10.464639120784122
    }
}