{
    "avg_latency": 35.37660891600535,
    "latencies": [
        35.36200551802176,
        35.381231993989786,
        35.38658923600451
    ],
    "percentiles": {
        "10": 35.36585081321537,
        "25": 35.37161875600577,
        "50": 35.381231993989786,
        "75": 35.38391061499715,
        "90": 35.385517787601565,
        "99": 35.38648209116422
    }
}