{
    "avg_latency": 17.76256214098733,
    "latencies": [
        17.75620422998327,
        17.76571034899098,
        17.76577184398775
    ],
    "percentiles": {
        "10": 17.75810545378481,
        "25": 17.760957289487123,
        "50": 17.76571034899098,
        "75": 17.765741096489364,
        "90": 17.765759544988395,
        "99": 17.765770614087813
    }
}