{
    "avg_latency": 17.694102756989498,
    "latencies": [
        17.693195572006516,
        17.696342263981933,
        17.692770434980048
    ],
    "percentiles": {
        "10": 17.692855462385342,
        "25": 17.692983003493282,
        "50": 17.693195572006516,
        "75": 17.694768917994224,
        "90": 17.69571292558685,
        "99": 17.696279330142424
    }
}