{
    "avg_latency": 10.001207362326872,
    "latencies": [
        9.996267112990608,
        10.00510967199807,
        10.002245301991934
    ],
    "percentiles": {
        "10": 9.997462750790874,
        "25": 9.999256207491271,
        "50": 10.002245301991934,
        "75": 10.003677486995002,
        "90": 10.004536797996844,
        "99": 10.005052384597947
    }
}