{
    "avg_latency": 17.6556581936505,
    "latencies": [
        17.65095557598397,
        17.656152146984823,
        17.659866857982706
    ],
    "percentiles": {
        "10": 17.65199489018414,
        "25": 17.653553861484397,
        "50": 17.656152146984823,
        "75": 17.658009502483765,
        "90": 17.65912391578313,
        "99": 17.65979256376275
    }
}