{
    "avg_latency": 17.94587395133567,
    "latencies": [
        17.928700407006545,
        17.930474226013757,
        17.97844722098671
    ],
    "percentiles": {
        "10": 17.929055170807988,
        "25": 17.92958731651015,
        "50": 17.930474226013757,
        "75": 17.954460723500233,
        "90": 17.96885262199212,
        "99": 17.97748776108725
    }
}