{
    "avg_latency": 2.0328709883421348,
    "latencies": [
        2.0331841650186107,
        2.032309191999957,
        2.033119608007837
    ],
    "percentiles": {
        "10": 2.032471275201533,
        "25": 2.032714400003897,
        "50": 2.033119608007837,
        "75": 2.033151886513224,
        "90": 2.033171253616456,
        "99": 2.033182873878395
    }
}