{
    "avg_latency": 2.482613734997964,
    "latencies": [
        2.4824079149984755,
        2.482876852998743,
        2.482556436996674
    ],
    "percentiles": {
        "10": 2.482437619398115,
        "25": 2.482482175997575,
        "50": 2.482556436996674,
        "75": 2.4827166449977085,
        "90": 2.482812769798329,
        "99": 2.4828704446787015
    }
}