{
    "avg_latency": 0.2222208420134848,
    "latencies": [
        0.2222208420134848
    ],
    "percentiles": {
        "10": 0.2222208420134848,
        "25": 0.2222208420134848,
        "50": 0.2222208420134848,
        "75": 0.2222208420134848,
        "90": 0.2222208420134848,
        "99": 0.2222208420134848
    }
}