{
    "avg_latency": 7.779131724004401,
    "latencies": [
        7.779131724004401
    ],
    "percentiles": {
        "10": 7.779131724004401,
        "25": 7.779131724004401,
        "50": 7.779131724004401,
        "75": 7.779131724004401,
        "90": 7.779131724004401,
        "99": 7.779131724004401
    }
}