{
    "avg_latency": 0.8873855256667108,
    "latencies": [
        0.8887581150011101,
        0.8867700560003868,
        0.8866284059986356
    ],
    "percentiles": {
        "10": 0.8866567359989859,
        "25": 0.8866992309995112,
        "50": 0.8867700560003868,
        "75": 0.8877640855007485,
        "90": 0.8883605032009655,
        "99": 0.8887183538210957
    }
}