{
    "avg_latency": 0.5210212100015875,
    "latencies": [
        0.5210825520007347,
        0.5210006650013383,
        0.5209804130026896
    ],
    "percentiles": {
        "10": 0.5209844634024193,
        "25": 0.520990539002014,
        "50": 0.5210006650013383,
        "75": 0.5210416085010365,
        "90": 0.5210661746008555,
        "99": 0.5210809142607468
    }
}