{
    "avg_latency": 2.027792373667277,
    "latencies": [
        2.027603299000475,
        2.027346105001925,
        2.028427716999431
    ],
    "percentiles": {
        "10": 2.027397543801635,
        "25": 2.0274747020012,
        "50": 2.027603299000475,
        "75": 2.028015507999953,
        "90": 2.0282628333996398,
        "99": 2.028411228639452
    }
}