{
    "avg_latency": 0.893329513996529,
    "latencies": [
        0.8929105029674247,
        0.8916282239952125,
        0.8954498150269501
    ],
    "percentiles": {
        "10": 0.8918846797896549,
        "25": 0.8922693634813186,
        "50": 0.8929105029674247,
        "75": 0.8941801589971874,
        "90": 0.894941952615045,
        "99": 0.8953990287857596
    }
}