{
    "avg_latency": 9.679526452013912,
    "latencies": [
        9.676333584007807,
        9.678661564015783,
        9.683584208018146
    ],
    "percentiles": {
        "10": 9.676799180009402,
        "25": 9.677497574011795,
        "50": 9.678661564015783,
        "75": 9.681122886016965,
        "90": 9.682599679217674,
        "99": 9.683485755138099
    }
}