{
    "avg_latency": 18.838477288000224,
    "latencies": [
        18.834480571999848,
        18.840450990000136,
        18.84050030200069
    ],
    "percentiles": {
        "10": 18.835674655599906,
        "25": 18.83746578099999,
        "50": 18.840450990000136,
        "75": 18.840475646000414,
        "90": 18.84049043960058,
        "99": 18.84049931576068
    }
}