{
    "avg_latency": 1.3238459723337048,
    "latencies": [
        1.3238758820007206,
        1.3238412740029162,
        1.323820760997478
    ],
    "percentiles": {
        "10": 1.3238248635985657,
        "25": 1.323831017500197,
        "50": 1.3238412740029162,
        "75": 1.3238585780018184,
        "90": 1.3238689604011598,
        "99": 1.3238751898407646
    }
}