{
    "avg_latency": 4.827092732000892,
    "latencies": [
        4.836232647001452,
        4.806740650001302,
        4.838304898999922
    ],
    "percentiles": {
        "10": 4.812639049401332,
        "25": 4.821486648501377,
        "50": 4.836232647001452,
        "75": 4.837268773000687,
        "90": 4.837890448600229,
        "99": 4.838263453959953
    }
}