{
    "avg_latency": 5.9002001189983275,
    "latencies": [
        5.882119824997062,
        5.9050800549994165,
        5.913400476998504
    ],
    "percentiles": {
        "10": 5.886711870997533,
        "25": 5.893599939998239,
        "50": 5.9050800549994165,
        "75": 5.90924026599896,
        "90": 5.911736392598686,
        "99": 5.9132340685585225
    }
}