{
    "avg_latency": 1.485955678666869,
    "latencies": [
        1.485796396999831,
        1.486339140000382,
        1.4857314990003943
    ],
    "percentiles": {
        "10": 1.4857444786002816,
        "25": 1.4857639480001126,
        "50": 1.485796396999831,
        "75": 1.4860677685001065,
        "90": 1.4862305914002718,
        "99": 1.486328285140371
    }
}