{
    "avg_latency": 5.941988244666693,
    "latencies": [
        5.993813314000363,
        5.921788959999503,
        5.910362460000215
    ],
    "percentiles": {
        "10": 5.912647760000072,
        "25": 5.916075709999859,
        "50": 5.921788959999503,
        "75": 5.957801136999933,
        "90": 5.979408443200191,
        "99": 5.992372826920346
    }
}