{
    "avg_latency": 13.590784541680478,
    "latencies": [
        13.598060647957027,
        13.584739627083763,
        13.589553350000642
    ],
    "percentiles": {
        "10": 13.58570237166714,
        "25": 13.587146488542203,
        "50": 13.589553350000642,
        "75": 13.593806998978835,
        "90": 13.59635918836575,
        "99": 13.597890501997899
    }
}