{
    "avg_latency": 2.902665283999037,
    "latencies": [
        2.908993846998783,
        2.9099223939992953,
        2.8890796109990333
    ],
    "percentiles": {
        "10": 2.8930624581989832,
        "25": 2.899036728998908,
        "50": 2.908993846998783,
        "75": 2.909458120499039,
        "90": 2.909736684599193,
        "99": 2.909903823059285
    }
}