{
    "avg_latency": 2.7722974563172706,
    "latencies": [
        2.771484533965122,
        2.772732550976798,
        2.7726752840098925
    ],
    "percentiles": {
        "10": 2.771722683974076,
        "25": 2.7720799089875072,
        "50": 2.7726752840098925,
        "75": 2.772703917493345,
        "90": 2.7727210975834167,
        "99": 2.77273140563746
    }
}