{
    "avg_latency": 4.526057404667275,
    "latencies": [
        4.526169093001954,
        4.5265177250003035,
        4.525485395999567
    ],
    "percentiles": {
        "10": 4.525622135400044,
        "25": 4.525827244500761,
        "50": 4.526169093001954,
        "75": 4.526343409001129,
        "90": 4.526447998600633,
        "99": 4.526510752360337
    }
}