{
    "avg_latency": 10.417642604666375,
    "latencies": [
        10.399058195998805,
        10.432143350000842,
        10.421726267999475
    ],
    "percentiles": {
        "10": 10.40359181039894,
        "25": 10.41039223199914,
        "50": 10.421726267999475,
        "75": 10.426934809000159,
        "90": 10.43005993360057,
        "99": 10.431935008360815
    }
}