{
    "avg_latency": 2.7236991203341554,
    "latencies": [
        2.7098811910000222,
        2.731434657001955,
        2.729781513000489
    ],
    "percentiles": {
        "10": 2.713861255400116,
        "25": 2.7198313520002557,
        "50": 2.729781513000489,
        "75": 2.730608085001222,
        "90": 2.731104028201662,
        "99": 2.731401594121926
    }
}