{
    "avg_latency": 1.1043789129995882,
    "latencies": [
        1.1041543619994627,
        1.104394620999301,
        1.1045877560000008
    ],
    "percentiles": {
        "10": 1.1042024137994304,
        "25": 1.1042744914993818,
        "50": 1.104394620999301,
        "75": 1.1044911884996509,
        "90": 1.1045491289998608,
        "99": 1.1045838932999867
    }
}