{
    "avg_latency": 9.090876279010748,
    "latencies": [
        9.089256739011034,
        9.09078397997655,
        9.09258811804466
    ],
    "percentiles": {
        "10": 9.089562187204137,
        "25": 9.090020359493792,
        "50": 9.09078397997655,
        "75": 9.091686049010605,
        "90": 9.092227290431037,
        "99": 9.092552035283298
    }
}