{
    "avg_latency": 5.297043302309855,
    "latencies": [
        5.29948606796097,
        5.300785936997272,
        5.2908579019713216
    ],
    "percentiles": {
        "10": 5.292583535169252,
        "25": 5.295171984966146,
        "50": 5.29948606796097,
        "75": 5.300136002479121,
        "90": 5.300525963190012,
        "99": 5.300759939616546
    }
}