{
    "avg_latency": 6.998191701675144,
    "latencies": [
        6.998500554007478,
        6.9977155509986915,
        6.9983590000192635
    ],
    "percentiles": {
        "10": 6.997844240802806,
        "25": 6.9980372755089775,
        "50": 6.9983590000192635,
        "75": 6.998429777013371,
        "90": 6.998472243209835,
        "99": 6.998497722927714
    }
}