{
    "avg_latency": 0.686849563667541,
    "latencies": [
        0.6867317310025101,
        0.6866818999988027,
        0.6871350600013102
    ],
    "percentiles": {
        "10": 0.6866918661995441,
        "25": 0.6867068155006564,
        "50": 0.6867317310025101,
        "75": 0.6869333955019101,
        "90": 0.6870543942015501,
        "99": 0.6871269934213342
    }
}