{
    "avg_latency": 1.0317038536668406,
    "latencies": [
        1.0444420339990756,
        1.0231877990008797,
        1.0274817280005664
    ],
    "percentiles": {
        "10": 1.0240465848008171,
        "25": 1.025334763500723,
        "50": 1.0274817280005664,
        "75": 1.035961880999821,
        "90": 1.0410499727993738,
        "99": 1.0441028278791054
    }
}