{
    "avg_latency": 2.0980676136665957,
    "latencies": [
        2.092867816998478,
        2.0912929289988824,
        2.1100420950024272
    ],
    "percentiles": {
        "10": 2.0916079065988016,
        "25": 2.09208037299868,
        "50": 2.092867816998478,
        "75": 2.1014549560004525,
        "90": 2.1066072394016375,
        "99": 2.1096986094423484
    }
}