{
    "avg_latency": 18.883722592333168,
    "latencies": [
        18.883214439003495,
        18.884329216998594,
        18.88362412099741
    ],
    "percentiles": {
        "10": 18.883296375402278,
        "25": 18.883419280000453,
        "50": 18.88362412099741,
        "75": 18.883976668998002,
        "90": 18.88418819779836,
        "99": 18.88431511507857
    }
}