{
    "avg_latency": 2.6314762003333576,
    "latencies": [
        2.631244262999644,
        2.634053881,
        2.6291304570004286
    ],
    "percentiles": {
        "10": 2.6295532182002717,
        "25": 2.6301873600000363,
        "50": 2.631244262999644,
        "75": 2.632649071999822,
        "90": 2.6334919573999285,
        "99": 2.6339976886399925
    }
}