{
    "avg_latency": 20.536242312334554,
    "latencies": [
        20.52887020399794,
        20.532721392002713,
        20.547135341003013
    ],
    "percentiles": {
        "10": 20.529640441598893,
        "25": 20.530795798000327,
        "50": 20.532721392002713,
        "75": 20.539928366502863,
        "90": 20.544252551202952,
        "99": 20.54684706202301
    }
}