{
    "avg_latency": 4.539639599000111,
    "latencies": [
        4.540719522000472,
        4.5394245359993874,
        4.538774739000473
    ],
    "percentiles": {
        "10": 4.538904698400256,
        "25": 4.53909963749993,
        "50": 4.5394245359993874,
        "75": 4.54007202899993,
        "90": 4.540460524800255,
        "99": 4.54069362228045
    }
}