{
    "avg_latency": 20.479208177000448,
    "latencies": [
        20.478413857000305,
        20.482042733000526,
        20.477167941000516
    ],
    "percentiles": {
        "10": 20.477417124200475,
        "25": 20.47779089900041,
        "50": 20.478413857000305,
        "75": 20.480228295000416,
        "90": 20.48131695780048,
        "99": 20.48197015548052
    }
}