{
    "avg_latency": 12.883015483307341,
    "latencies": [
        12.879632083931938,
        12.884302088990808,
        12.88511227699928
    ],
    "percentiles": {
        "10": 12.880566084943712,
        "25": 12.881967086461373,
        "50": 12.884302088990808,
        "75": 12.884707182995044,
        "90": 12.884950239397586,
        "99": 12.88509607323911
    }
}