{
    "avg_latency": 5.766982889307353,
    "latencies": [
        5.768142586981412,
        5.765222805959638,
        5.767583274981007
    ],
    "percentiles": {
        "10": 5.765694899763912,
        "25": 5.766403040470323,
        "50": 5.767583274981007,
        "75": 5.7678629309812095,
        "90": 5.768030724581331,
        "99": 5.768131400741404
    }
}