{
    "avg_latency": 15.048070069363652,
    "latencies": [
        15.047247500973754,
        15.048070101067424,
        15.048892606049776
    ],
    "percentiles": {
        "10": 15.047412020992487,
        "25": 15.047658801020589,
        "50": 15.048070101067424,
        "75": 15.0484813535586,
        "90": 15.048728105053305,
        "99": 15.04887615595013
    }
}