{
    "avg_latency": 9.011334437332456,
    "latencies": [
        9.010616022002068,
        9.01162804499836,
        9.011759244996938
    ],
    "percentiles": {
        "10": 9.010818426601327,
        "25": 9.011122033500214,
        "50": 9.01162804499836,
        "75": 9.01169364499765,
        "90": 9.011733004997222,
        "99": 9.011756620996966
    }
}