{
    "avg_latency": 11.020392166353608,
    "latencies": [
        11.022246941982303,
        11.016436254023574,
        11.022493303054944
    ],
    "percentiles": {
        "10": 11.01759839161532,
        "25": 11.019341598002939,
        "50": 11.022246941982303,
        "75": 11.022370122518623,
        "90": 11.022444030840415,
        "99": 11.022488375833492
    }
}