{
    "avg_latency": 2.667167278000003,
    "latencies": [
        2.6667839540004934,
        2.666938201999983,
        2.6677796779995333
    ],
    "percentiles": {
        "10": 2.666814803600391,
        "25": 2.666861078000238,
        "50": 2.666938201999983,
        "75": 2.667358939999758,
        "90": 2.667611382799623,
        "99": 2.6677628484795424
    }
}