{
    "avg_latency": 1.66000134633335,
    "latencies": [
        1.6639051199999813,
        1.6692042499998934,
        1.6468946690001758
    ],
    "percentiles": {
        "10": 1.650296759200137,
        "25": 1.6553998945000785,
        "50": 1.6639051199999813,
        "75": 1.6665546849999373,
        "90": 1.668144423999911,
        "99": 1.669098267399895
    }
}