{
    "avg_latency": 2.6061501763336614,
    "latencies": [
        2.6057731230030186,
        2.6065244429992163,
        2.606152962998749
    ],
    "percentiles": {
        "10": 2.6058490910021646,
        "25": 2.6059630430008838,
        "50": 2.606152962998749,
        "75": 2.6063387029989826,
        "90": 2.606450146999123,
        "99": 2.606517013399207
    }
}