{
    "avg_latency": 4.313292460341472,
    "latencies": [
        4.314444186980836,
        4.310120937996544,
        4.3153122560470365
    ],
    "percentiles": {
        "10": 4.310985587793402,
        "25": 4.31228256248869,
        "50": 4.314444186980836,
        "75": 4.314878221513936,
        "90": 4.315138642233796,
        "99": 4.315294894665713
    }
}