{
    "avg_latency": 3.967969428333163,
    "latencies": [
        3.980190459998994,
        3.9623415899986867,
        3.961376235001808
    ],
    "percentiles": {
        "10": 3.9615693060011834,
        "25": 3.9618589125002472,
        "50": 3.9623415899986867,
        "75": 3.9712660249988403,
        "90": 3.9766206859989324,
        "99": 3.9798334825989876
    }
}