{
    "avg_latency": 9.464204460667437,
    "latencies": [
        9.463744978998875,
        9.463216224001371,
        9.465652179002063
    ],
    "percentiles": {
        "10": 9.463321975000872,
        "25": 9.463480601500123,
        "50": 9.463744978998875,
        "75": 9.46469857900047,
        "90": 9.465270739001426,
        "99": 9.465614035002
    }
}