{
    "avg_latency": 3.169277870329097,
    "latencies": [
        3.171739268989768,
        3.1684957109973766,
        3.1675986310001463
    ],
    "percentiles": {
        "10": 3.1677780469995924,
        "25": 3.1680471709987614,
        "50": 3.1684957109973766,
        "75": 3.1701174899935722,
        "90": 3.1710905573912895,
        "99": 3.17167439782992
    }
}