{
    "avg_latency": 17.98294969433361,
    "latencies": [
        17.982652029000747,
        17.983660965001036,
        17.98253608899904
    ],
    "percentiles": {
        "10": 17.982559276999382,
        "25": 17.982594058999894,
        "50": 17.982652029000747,
        "75": 17.98315649700089,
        "90": 17.983459177800977,
        "99": 17.98364078628103
    }
}