{
    "avg_latency": 39.22080758900847,
    "latencies": [
        38.976330556033645,
        39.18702769902302,
        39.499064511968754
    ],
    "percentiles": {
        "10": 39.01846998463152,
        "25": 39.08167912752833,
        "50": 39.18702769902302,
        "75": 39.34304610549589,
        "90": 39.436657149379606,
        "99": 39.49282377570984
    }
}