{
    "avg_latency": 3.563251523009967,
    "latencies": [
        3.5627224660129286,
        3.5630981440190226,
        3.56393395899795
    ],
    "percentiles": {
        "10": 3.5627976016141476,
        "25": 3.5629103050159756,
        "50": 3.5630981440190226,
        "75": 3.5635160515084863,
        "90": 3.5637667960021644,
        "99": 3.5639172426983716
    }
}