{
    "avg_latency": 8.364988751000055,
    "latencies": [
        8.679075545998785,
        8.199692640999274,
        8.216198066002107
    ],
    "percentiles": {
        "10": 8.202993725999841,
        "25": 8.20794535350069,
        "50": 8.216198066002107,
        "75": 8.447636806000446,
        "90": 8.586500049999449,
        "99": 8.669817996398852
    }
}