{
    "avg_latency": 31.60009518100196,
    "latencies": [
        31.922565226002916,
        31.737998274002166,
        31.139722043000802
    ],
    "percentiles": {
        "10": 31.259377289201076,
        "25": 31.438860158501484,
        "50": 31.737998274002166,
        "75": 31.83028175000254,
        "90": 31.885651835602765,
        "99": 31.918873886962903
    }
}