{
    "avg_latency": 74.61532131700005,
    "latencies": [
        74.72652248500162,
        74.41069333999985,
        74.70874812599868
    ],
    "percentiles": {
        "10": 74.47030429719962,
        "25": 74.55972073299927,
        "50": 74.70874812599868,
        "75": 74.71763530550015,
        "90": 74.72296761320104,
        "99": 74.72616699782157
    }
}