{
    "avg_latency": 99.38931091067691,
    "latencies": [
        98.79400577803608,
        98.82415747398045,
        100.54976948001422
    ],
    "percentiles": {
        "10": 98.80003611722495,
        "25": 98.80908162600826,
        "50": 98.82415747398045,
        "75": 99.68696347699733,
        "90": 100.20464707880747,
        "99": 100.51525723989354
    }
}