{
    "avg_latency": 9.551954079322362,
    "latencies": [
        9.552915277017746,
        9.551815821963828,
        9.551131138985511
    ],
    "percentiles": {
        "10": 9.551268075581174,
        "25": 9.55147348047467,
        "50": 9.551815821963828,
        "75": 9.552365549490787,
        "90": 9.552695386006963,
        "99": 9.552893287916667
    }
}