{
    "avg_latency": 145.51810421266782,
    "latencies": [
        145.86222707100023,
        145.35772442800226,
        145.33436113900098
    ],
    "percentiles": {
        "10": 145.33903379680123,
        "25": 145.34604278350162,
        "50": 145.35772442800226,
        "75": 145.60997574950125,
        "90": 145.76132654240064,
        "99": 145.85213701814027
    }
}