{
    "avg_latency": 16.966151590999896,
    "latencies": [
        16.901211574000627,
        17.00335499100038,
        16.99388820799868
    ],
    "percentiles": {
        "10": 16.919746900800238,
        "25": 16.947549890999653,
        "50": 16.99388820799868,
        "75": 16.99862159949953,
        "90": 17.001461634400037,
        "99": 17.003165655340343
    }
}