{
    "avg_latency": 8.707406612016106,
    "latencies": [
        8.785900213988498,
        8.690864270029124,
        8.645455352030694
    ],
    "percentiles": {
        "10": 8.654537135630381,
        "25": 8.66815981102991,
        "50": 8.690864270029124,
        "75": 8.73838224200881,
        "90": 8.766893025196623,
        "99": 8.78399949510931
    }
}