{
    "avg_latency": 26.53137358866661,
    "latencies": [
        26.3753089799975,
        26.492134071999317,
        26.726677714003017
    ],
    "percentiles": {
        "10": 26.39867399839786,
        "25": 26.433721525998408,
        "50": 26.492134071999317,
        "75": 26.609405893001167,
        "90": 26.679768985602276,
        "99": 26.721986841162945
    }
}