{
    "avg_latency": 30.913266417997267,
    "latencies": [
        31.138619564997498,
        30.471418331959285,
        31.129761357035022
    ],
    "percentiles": {
        "10": 30.60308693697443,
        "25": 30.800589844497154,
        "50": 31.129761357035022,
        "75": 31.13419046101626,
        "90": 31.136847923405004,
        "99": 31.138442400838247
    }
}