{
    "avg_latency": 16.100555955666398,
    "latencies": [
        16.212271956999757,
        16.039588517000084,
        16.049807392999355
    ],
    "percentiles": {
        "10": 16.04163229219994,
        "25": 16.04469795499972,
        "50": 16.049807392999355,
        "75": 16.131039674999556,
        "90": 16.179779044199677,
        "99": 16.20902266571975
    }
}