{
    "avg_latency": 74.64767801266862,
    "latencies": [
        74.74824855802581,
        74.718352795986,
        74.47643268399406
    ],
    "percentiles": {
        "10": 74.52481670639244,
        "25": 74.59739273999003,
        "50": 74.718352795986,
        "75": 74.7333006770059,
        "90": 74.74226940561785,
        "99": 74.747650642785
    }
}