{
    "avg_latency": 12.592069586000434,
    "latencies": [
        12.58723517999897,
        12.591002894001576,
        12.597970684000757
    ],
    "percentiles": {
        "10": 12.58798872279949,
        "25": 12.589119037000273,
        "50": 12.591002894001576,
        "75": 12.594486789001166,
        "90": 12.59657712600092,
        "99": 12.597831328200773
    }
}