{
    "avg_latency": 121.44758999866706,
    "latencies": [
        122.79940158200043,
        121.8508380860003,
        119.69253032800043
    ],
    "percentiles": {
        "10": 120.1241918796004,
        "25": 120.77168420700036,
        "50": 121.8508380860003,
        "75": 122.32511983400036,
        "90": 122.6096888828004,
        "99": 122.78043031208043
    }
}