{
    "avg_latency": 45.99948544099849,
    "latencies": [
        45.698823257000186,
        46.593011958000716,
        45.70662110799458
    ],
    "percentiles": {
        "10": 45.700382827199064,
        "25": 45.70272218249738,
        "50": 45.70662110799458,
        "75": 46.14981653299765,
        "90": 46.415733787999486,
        "99": 46.575284141000594
    }
}