{
    "avg_latency": 2.274032808333383,
    "latencies": [
        2.2739997129974654,
        2.273946272001922,
        2.274152440000762
    ],
    "percentiles": {
        "10": 2.2739569602010308,
        "25": 2.2739729924996936,
        "50": 2.2739997129974654,
        "75": 2.2740760764991137,
        "90": 2.2741218946001025,
        "99": 2.2741493854606962
    }
}