{
    "avg_latency": 9.5501359113332,
    "latencies": [
        9.550849424998887,
        9.548907840999163,
        9.55065046800155
    ],
    "percentiles": {
        "10": 9.549256366399641,
        "25": 9.549779154500357,
        "50": 9.55065046800155,
        "75": 9.550749946500218,
        "90": 9.55080963359942,
        "99": 9.55084544585894
    }
}