{
    "avg_latency": 5.352789600333684,
    "latencies": [
        5.361068698999588,
        5.333951968001202,
        5.363348134000262
    ],
    "percentiles": {
        "10": 5.339375314200879,
        "25": 5.347510333500395,
        "50": 5.361068698999588,
        "75": 5.362208416499925,
        "90": 5.3628922470001275,
        "99": 5.3633025453002485
    }
}