{
    "avg_latency": 6.787056899665913,
    "latencies": [
        6.787091247999342,
        6.786034002998349,
        6.788045448000048
    ],
    "percentiles": {
        "10": 6.786245451998548,
        "25": 6.786562625498846,
        "50": 6.787091247999342,
        "75": 6.787568347999695,
        "90": 6.787854607999907,
        "99": 6.788026364000034
    }
}