{
    "avg_latency": 15.414921494333006,
    "latencies": [
        15.412418290998176,
        15.414656894001382,
        15.417689297999459
    ],
    "percentiles": {
        "10": 15.412866011598817,
        "25": 15.413537592499779,
        "50": 15.414656894001382,
        "75": 15.41617309600042,
        "90": 15.417082817199844,
        "99": 15.417628649919498
    }
}