{
    "avg_latency": 38.8084435903329,
    "latencies": [
        38.978592776998994,
        39.20760209400032,
        38.23913589999938
    ],
    "percentiles": {
        "10": 38.387027275399305,
        "25": 38.60886433849919,
        "50": 38.978592776998994,
        "75": 39.09309743549966,
        "90": 39.16180023060006,
        "99": 39.20302190766029
    }
}