{
    "avg_latency": 46.09867070966842,
    "latencies": [
        45.72163684300176,
        45.695455020002555,
        46.87892026600093
    ],
    "percentiles": {
        "10": 45.70069138460239,
        "25": 45.70854593150216,
        "50": 45.72163684300176,
        "75": 46.30027855450135,
        "90": 46.6474635814011,
        "99": 46.85577459754095
    }
}