{
    "avg_latency": 24.06459923833366,
    "latencies": [
        23.98497420000058,
        24.67422770199846,
        23.534595813001943
    ],
    "percentiles": {
        "10": 23.62467149040167,
        "25": 23.75978500650126,
        "50": 23.98497420000058,
        "75": 24.32960095099952,
        "90": 24.536377001598886,
        "99": 24.660442631958503
    }
}