{
    "avg_latency": 18.41157179199945,
    "latencies": [
        18.40277505799895,
        18.405595947999245,
        18.42634437000015
    ],
    "percentiles": {
        "10": 18.40333923599901,
        "25": 18.4041855029991,
        "50": 18.405595947999245,
        "75": 18.4159701589997,
        "90": 18.42219468559997,
        "99": 18.425929401560133
    }
}