{
    "avg_latency": 52.540490181321125,
    "latencies": [
        52.25830792996567,
        52.86826483398909,
        52.494897780008614
    ],
    "percentiles": {
        "10": 52.30562589997426,
        "25": 52.37660285498714,
        "50": 52.494897780008614,
        "75": 52.68158130699885,
        "90": 52.79359142319299,
        "99": 52.86079749290948
    }
}