{
    "avg_latency": 12.601161230336098,
    "latencies": [
        12.598116534005385,
        12.604687957966235,
        12.600679199036676
    ],
    "percentiles": {
        "10": 12.598629067011643,
        "25": 12.59939786652103,
        "50": 12.600679199036676,
        "75": 12.602683578501455,
        "90": 12.603886206180324,
        "99": 12.604607782787644
    }
}