{
    "avg_latency": 15.870857489334108,
    "latencies": [
        15.784332056005951,
        15.787023873999715,
        16.04121653799666
    ],
    "percentiles": {
        "10": 15.784870419604704,
        "25": 15.785677965002833,
        "50": 15.787023873999715,
        "75": 15.914120205998188,
        "90": 15.990378005197272,
        "99": 16.036132684716723
    }
}