{
    "avg_latency": 52.02624822333382,
    "latencies": [
        52.516702982000425,
        51.3331469520017,
        52.22889473599935
    ],
    "percentiles": {
        "10": 51.51229650880123,
        "25": 51.78102084400052,
        "50": 52.22889473599935,
        "75": 52.372798858999886,
        "90": 52.45914133280021,
        "99": 52.5109468170804
    }
}