{
    "avg_latency": 5.330354771673835,
    "latencies": [
        5.370984298991971,
        5.486633519001771,
        5.133446497027762
    ],
    "percentiles": {
        "10": 5.180954057420604,
        "25": 5.2522153980098665,
        "50": 5.370984298991971,
        "75": 5.428808908996871,
        "90": 5.463503674999811,
        "99": 5.484320534601575
    }
}