{
    "avg_latency": 24.377456564669654,
    "latencies": [
        24.12032630899921,
        24.679017507995013,
        24.333025877014734
    ],
    "percentiles": {
        "10": 24.162866222602315,
        "25": 24.226676093006972,
        "50": 24.333025877014734,
        "75": 24.506021692504873,
        "90": 24.609819181798958,
        "99": 24.672097675375408
    }
}