{
    "avg_latency": 3.565434220331857,
    "latencies": [
        3.5650219389972335,
        3.5657160589980776,
        3.5655646630002593
    ],
    "percentiles": {
        "10": 3.5651304837978386,
        "25": 3.5652933009987464,
        "50": 3.5655646630002593,
        "75": 3.5656403609991685,
        "90": 3.565685779798514,
        "99": 3.565713031078121
    }
}