{
    "avg_latency": 98.03701728299954,
    "latencies": [
        97.3944044930031,
        99.2841399689969,
        97.43250738699862
    ],
    "percentiles": {
        "10": 97.4020250718022,
        "25": 97.41345594000086,
        "50": 97.43250738699862,
        "75": 98.35832367799776,
        "90": 98.91381345259724,
        "99": 99.24710731735694
    }
}