{
    "avg_latency": 93.86140329499419,
    "latencies": [
        94.67494786501629,
        93.7687086579972,
        93.14055336196907
    ],
    "percentiles": {
        "10": 93.2661844211747,
        "25": 93.45463100998313,
        "50": 93.7687086579972,
        "75": 94.22182826150674,
        "90": 94.49370002361248,
        "99": 94.65682308087591
    }
}