{
    "avg_latency": 8.136267342003217,
    "latencies": [
        8.178089756984264,
        8.114972189010587,
        8.115740080014803
    ],
    "percentiles": {
        "10": 8.11512576721143,
        "25": 8.115356134512695,
        "50": 8.115740080014803,
        "75": 8.146914918499533,
        "90": 8.165619821590372,
        "99": 8.176842763444874
    }
}