{
    "avg_latency": 27.933957997340865,
    "latencies": [
        27.72641853702953,
        27.99009728600504,
        28.085358168988023
    ],
    "percentiles": {
        "10": 27.77915428682463,
        "25": 27.858257911517285,
        "50": 27.99009728600504,
        "75": 28.03772772749653,
        "90": 28.066305992391428,
        "99": 28.083452951328365
    }
}