{
    "avg_latency": 11.198694158326058,
    "latencies": [
        10.813169248984195,
        10.990914240013808,
        11.791998985980172
    ],
    "percentiles": {
        "10": 10.848718247190117,
        "25": 10.902041744499002,
        "50": 10.990914240013808,
        "75": 11.39145661299699,
        "90": 11.631782036786898,
        "99": 11.775977291060844
    }
}