{
    "avg_latency": 10.103186802007258,
    "latencies": [
        10.104428888997063,
        10.103417848004028,
        10.101713669020683
    ],
    "percentiles": {
        "10": 10.102054504817351,
        "25": 10.102565758512355,
        "50": 10.103417848004028,
        "75": 10.103923368500546,
        "90": 10.104226680798456,
        "99": 10.104408668177202
    }
}