{
    "avg_latency": 10.022900230348265,
    "latencies": [
        10.022761808009818,
        10.023447020037565,
        10.022491862997413
    ],
    "percentiles": {
        "10": 10.022545851999894,
        "25": 10.022626835503615,
        "50": 10.022761808009818,
        "75": 10.023104414023692,
        "90": 10.023309977632016,
        "99": 10.02343331579701
    }
}