{
    "avg_latency": 10.009260669331221,
    "latencies": [
        10.011843379994389,
        10.00961713999277,
        10.006321488006506
    ],
    "percentiles": {
        "10": 10.006980618403759,
        "25": 10.007969313999638,
        "50": 10.00961713999277,
        "75": 10.01073025999358,
        "90": 10.011398131994065,
        "99": 10.011798855194357
    }
}