{
    "avg_latency": 10.081971570674796,
    "latencies": [
        10.08188734401483,
        10.0834470600239,
        10.080580307985656
    ],
    "percentiles": {
        "10": 10.080841715191491,
        "25": 10.081233826000243,
        "50": 10.08188734401483,
        "75": 10.082667202019366,
        "90": 10.083135116822087,
        "99": 10.083415865703719
    }
}