{
    "avg_latency": 11.97272592666559,
    "latencies": [
        12.10815740498947,
        11.947018045000732,
        11.863002330006566
    ],
    "percentiles": {
        "10": 11.8798054730054,
        "25": 11.905010187503649,
        "50": 11.947018045000732,
        "75": 12.0275877249951,
        "90": 12.075929532991722,
        "99": 12.104934617789695
    }
}