{
    "avg_latency": 28.94291230564704,
    "latencies": [
        28.976030991994776,
        28.92442733095959,
        28.92827859398676
    ],
    "percentiles": {
        "10": 28.925197583565023,
        "25": 28.926352962473175,
        "50": 28.92827859398676,
        "75": 28.95215479299077,
        "90": 28.966480512393172,
        "99": 28.975075944034614
    }
}