{
    "avg_latency": 13.590765966005469,
    "latencies": [
        13.965457222016994,
        13.506327805982437,
        13.300512870016973
    ],
    "percentiles": {
        "10": 13.341675857210067,
        "25": 13.403420337999705,
        "50": 13.506327805982437,
        "75": 13.735892513999715,
        "90": 13.873631338810082,
        "99": 13.956274633696303
    }
}