{
    "avg_latency": 93.5314300173389,
    "latencies": [
        93.98881297302432,
        93.41541317501105,
        93.19006390398135
    ],
    "percentiles": {
        "10": 93.23513375818729,
        "25": 93.3027385394962,
        "50": 93.41541317501105,
        "75": 93.70211307401769,
        "90": 93.87413301342167,
        "99": 93.97734497706406
    }
}