{
    "avg_latency": 2.480174843357721,
    "latencies": [
        2.4804715450154617,
        2.479044748004526,
        2.4810082370531745
    ],
    "percentiles": {
        "10": 2.479330107406713,
        "25": 2.479758146509994,
        "50": 2.4804715450154617,
        "75": 2.480739891034318,
        "90": 2.480900898645632,
        "99": 2.48099750321242
    }
}