{
    "avg_latency": 2.14937887400932,
    "latencies": [
        2.147276548028458,
        2.1534145269542933,
        2.1474455470452085
    ],
    "percentiles": {
        "10": 2.147310347831808,
        "25": 2.147361047536833,
        "50": 2.1474455470452085,
        "75": 2.150430036999751,
        "90": 2.152220730972476,
        "99": 2.1532951473561117
    }
}