{
    "avg_latency": 2.034231107313341,
    "latencies": [
        2.0351646629860625,
        2.0333909839973785,
        2.0341376749565825
    ],
    "percentiles": {
        "10": 2.033540322189219,
        "25": 2.0337643294769805,
        "50": 2.0341376749565825,
        "75": 2.0346511689713225,
        "90": 2.0349592653801665,
        "99": 2.035144123225473
    }
}