{
    "avg_latency": 2.10924239330537,
    "latencies": [
        2.0991223419550806,
        2.1147035830072127,
        2.1139012549538165
    ],
    "percentiles": {
        "10": 2.102078124554828,
        "25": 2.1065117984544486,
        "50": 2.1139012549538165,
        "75": 2.1143024189805146,
        "90": 2.1145431173965337,
        "99": 2.114687536446145
    }
}