{
  "model": "qwen7b",
  "model_cfg": {
    "display_name": "Qwen2.5-7B-Instruct",
    "hidden": 3584,
    "intermediate": 18944
  },
  "config": {
    "num_tokens": [
      16,
      64,
      128
    ],
    "slice_fracs": [
      0.1,
      0.3
    ],
    "warmup": 5,
    "iters": 20
  },
  "rows": [
    {
      "N": 16,
      "f": 0.1,
      "uniform_col": {
        "total_ms": 2.251510600594338,
        "pcie_bytes": 853568,
        "steps": {
          "h2d_x": 0.00826879998203367,
          "cpu_mlp1": 1.4465099506196566,
          "d2h_gate_up": 0.009364799922332167,
          "gpu_concat_swiglu": 0.01376479989849031,
          "h2d_intermediate": 0.02923360001295805,
          "cpu_mlp2": 0.7268326502526179,
          "d2h_output": 0.007187199941836297,
          "gpu_concat_output": 0.010348799964413046
        }
      },
      "col_to_row": {
        "total_ms": 2.298217199061764,
        "pcie_bytes": 229376,
        "steps": {
          "h2d_x": 0.007891200087033211,
          "cpu_mlp1": 1.4630894496804103,
          "cpu_swiglu": 0.027604349452303723,
          "cpu_mlp2_row": 0.7854545998270623,
          "d2h_partial": 0.007260800013318658,
          "gpu_add": 0.006916800001636148
        }
      }
    },
    {
      "N": 16,
      "f": 0.3,
      "uniform_col": {
        "total_ms": 6.806116050307174,
        "pcie_bytes": 1119008,
        "steps": {
          "h2d_x": 0.007960000075399876,
          "cpu_mlp1": 4.523934600001667,
          "d2h_gate_up": 0.015939200296998024,
          "gpu_concat_swiglu": 0.0143760000821203,
          "h2d_intermediate": 0.02773920027539134,
          "cpu_mlp2": 2.1985350496834144,
          "d2h_output": 0.007292800000868738,
          "gpu_concat_output": 0.01033919989131391
        }
      },
      "col_to_row": {
        "total_ms": 6.8098391500359865,
        "pcie_bytes": 229376,
        "steps": {
          "h2d_x": 0.008340800018049776,
          "cpu_mlp1": 4.540353950142162,
          "cpu_swiglu": 0.028848649526480585,
          "cpu_mlp2_row": 2.217801350343507,
          "d2h_partial": 0.00725599997676909,
          "gpu_add": 0.007238400029018521
        }
      }
    },
    {
      "N": 64,
      "f": 0.1,
      "uniform_col": {
        "total_ms": 8.989434401260224,
        "pcie_bytes": 3414272,
        "steps": {
          "h2d_x": 0.021598400082439184,
          "cpu_mlp1": 5.881886950373882,
          "d2h_gate_up": 0.020481600239872933,
          "gpu_concat_swiglu": 0.014408000092953444,
          "h2d_intermediate": 0.1038304004818201,
          "cpu_mlp2": 2.9290754500834737,
          "d2h_output": 0.007324799965135753,
          "gpu_concat_output": 0.010828799940645695
        }
      },
      "col_to_row": {
        "total_ms": 9.137331500533037,
        "pcie_bytes": 917504,
        "steps": {
          "h2d_x": 0.021593600139021875,
          "cpu_mlp1": 5.904672200267669,
          "cpu_swiglu": 0.028010900132358074,
          "cpu_mlp2_row": 3.1563204000121914,
          "d2h_partial": 0.019572799932211636,
          "gpu_add": 0.007161600049585104
        }
      }
    },
    {
      "N": 64,
      "f": 0.3,
      "uniform_col": {
        "total_ms": 27.242772150732343,
        "pcie_bytes": 4476032,
        "steps": {
          "h2d_x": 0.021587200183421373,
          "cpu_mlp1": 17.97827310001594,
          "d2h_gate_up": 0.05762879978865385,
          "gpu_concat_swiglu": 0.013959999987855553,
          "h2d_intermediate": 0.10378240048885345,
          "cpu_mlp2": 9.049419050279539,
          "d2h_output": 0.00767520007211715,
          "gpu_concat_output": 0.010446399915963411
        }
      },
      "col_to_row": {
        "total_ms": 27.118087750097036,
        "pcie_bytes": 917504,
        "steps": {
          "h2d_x": 0.021590400114655496,
          "cpu_mlp1": 17.98533960027271,
          "cpu_swiglu": 0.08658945007482544,
          "cpu_mlp2_row": 8.998129899555352,
          "d2h_partial": 0.01948800003156066,
          "gpu_add": 0.006950400047935545
        }
      }
    },
    {
      "N": 128,
      "f": 0.1,
      "uniform_col": {
        "total_ms": 18.283131149434485,
        "pcie_bytes": 6828544,
        "steps": {
          "h2d_x": 0.04100639931857586,
          "cpu_mlp1": 11.918013600370614,
          "d2h_gate_up": 0.03932960014790297,
          "gpu_concat_swiglu": 0.017236800119280814,
          "h2d_intermediate": 0.20491359904408454,
          "cpu_mlp2": 6.045504750363762,
          "d2h_output": 0.007155200000852346,
          "gpu_concat_output": 0.00997120006941259
        }
      },
      "col_to_row": {
        "total_ms": 18.47686409893213,
        "pcie_bytes": 1835008,
        "steps": {
          "h2d_x": 0.04101119935512543,
          "cpu_mlp1": 11.95638644931023,
          "cpu_swiglu": 0.08636390048195608,
          "cpu_mlp2_row": 6.3489313499303535,
          "d2h_partial": 0.0372639998793602,
          "gpu_add": 0.00690719997510314
        }
      }
    },
    {
      "N": 128,
      "f": 0.3,
      "uniform_col": {
        "total_ms": 54.47749025126104,
        "pcie_bytes": 8952064,
        "steps": {
          "h2d_x": 0.040993599221110344,
          "cpu_mlp1": 35.9883698001795,
          "d2h_gate_up": 0.11280800178647041,
          "gpu_concat_swiglu": 0.017054400127381086,
          "h2d_intermediate": 0.20488480031490325,
          "cpu_mlp2": 18.090677249711007,
          "d2h_output": 0.01253919992595911,
          "gpu_concat_output": 0.010163199994713068
        }
      },
      "col_to_row": {
        "total_ms": 57.71396845105337,
        "pcie_bytes": 1835008,
        "steps": {
          "h2d_x": 0.0410559993237257,
          "cpu_mlp1": 36.92840135045117,
          "cpu_swiglu": 0.13749729987466708,
          "cpu_mlp2_row": 20.432503400661517,
          "d2h_partial": 0.12561439983546735,
          "gpu_add": 0.04889600090682507
        }
      }
    }
  ]
}