{
    "avg_latency": 53.459274504999485,
    "latencies": [
        53.47689664799873,
        54.11282926399872,
        52.788097603001006
    ],
    "percentiles": {
        "10": 52.92585741200055,
        "25": 53.13249712549987,
        "50": 53.47689664799873,
        "75": 53.794862955998724,
        "90": 53.985642740798724,
        "99": 54.10011061167872
    }
}