{
    "avg_latency": 2.8255188330003875,
    "latencies": [
        2.81954579000012,
        2.9697277270006452,
        2.687282982000397
    ],
    "percentiles": {
        "10": 2.713735543600342,
        "25": 2.7534143860002587,
        "50": 2.81954579000012,
        "75": 2.8946367585003827,
        "90": 2.9396913396005404,
        "99": 2.966724088260635
    }
}