{
    "avg_latency": 13.112410031999389,
    "latencies": [
        13.091203091998977,
        13.044178111998917,
        13.201848892000271
    ],
    "percentiles": {
        "10": 13.053583107998929,
        "25": 13.067690601998947,
        "50": 13.091203091998977,
        "75": 13.146525991999624,
        "90": 13.179719732000013,
        "99": 13.199635976000245
    }
}