{
    "avg_latency": 7.475573969000227,
    "latencies": [
        7.499201811999228,
        7.408707711001625,
        7.51881238399983
    ],
    "percentiles": {
        "10": 7.426806531201146,
        "25": 7.453954761500427,
        "50": 7.499201811999228,
        "75": 7.509007097999529,
        "90": 7.514890269599709,
        "99": 7.518420172559818
    }
}