{
    "avg_latency": 260.2837933493338,
    "latencies": [
        262.14033675300016,
        256.7008068949999,
        262.0102364000013
    ],
    "percentiles": {
        "10": 257.7626927960002,
        "25": 259.3555216475006,
        "50": 262.0102364000013,
        "75": 262.07528657650073,
        "90": 262.1143166824004,
        "99": 262.1377347459402
    }
}