{
    "avg_latency": 26.69174353299968,
    "latencies": [
        26.530363145999218,
        26.52648994000083,
        27.018377512998995
    ],
    "percentiles": {
        "10": 26.527264581200505,
        "25": 26.528426543000023,
        "50": 26.530363145999218,
        "75": 26.774370329499106,
        "90": 26.92077463959904,
        "99": 27.008617225659
    }
}