{
    "avg_latency": 2.036780597332836,
    "latencies": [
        2.034788106999258,
        2.037083213999722,
        2.0384704709995276
    ],
    "percentiles": {
        "10": 2.0352471283993507,
        "25": 2.03593566049949,
        "50": 2.037083213999722,
        "75": 2.0377768424996248,
        "90": 2.0381930195995666,
        "99": 2.0384427258595315
    }
}