{
    "avg_latency": 2.9943948416682056,
    "latencies": [
        3.0021820000001753,
        2.9894499460024235,
        2.9915525790020183
    ],
    "percentiles": {
        "10": 2.9898704726023424,
        "25": 2.990501262502221,
        "50": 2.9915525790020183,
        "75": 2.996867289501097,
        "90": 3.000056115800544,
        "99": 3.001969411580212
    }
}