{
    "avg_latency": 10.438637330002772,
    "latencies": [
        10.456550917006098,
        10.413280606968328,
        10.44608046603389
    ],
    "percentiles": {
        "10": 10.419840578781441,
        "25": 10.42968053650111,
        "50": 10.44608046603389,
        "75": 10.451315691519994,
        "90": 10.454456826811656,
        "99": 10.456341507986654
    }
}