{
    "avg_latency": 2.9889648306804397,
    "latencies": [
        2.988780195999425,
        2.9875735850073397,
        2.990540711034555
    ],
    "percentiles": {
        "10": 2.987814907205757,
        "25": 2.9881768905033823,
        "50": 2.988780195999425,
        "75": 2.98966045351699,
        "90": 2.990188608027529,
        "99": 2.9905055007338524
    }
}