{
    "avg_latency": 4.546184091332786,
    "latencies": [
        4.545954232002259,
        4.546342033998371,
        4.546256007997727
    ],
    "percentiles": {
        "10": 4.546014587201353,
        "25": 4.546105119999993,
        "50": 4.546256007997727,
        "75": 4.546299020998049,
        "90": 4.546324828798243,
        "99": 4.546340313478359
    }
}