{
    "avg_latency": 2.0639333963001265,
    "latencies": [
        2.063549406000675,
        2.0627966079991893,
        2.0647383040013665,
        2.0649018900003284,
        2.064823486998648,
        2.0644992210000055,
        2.0644815230007225,
        2.0626574000016262,
        2.063408766000066,
        2.063477357998636
    ],
    "percentiles": {
        "10": 2.062782687199433,
        "25": 2.0634259139997084,
        "50": 2.0640154645006987,
        "75": 2.0646785332510262,
        "90": 2.0648313272988164,
        "99": 2.064894833730177
    }
}