{
    "avg_latency": 2.9137229751999256,
    "latencies": [
        2.912962308997521,
        2.9103646960029437,
        2.9143213130009826,
        2.9122885440010577,
        2.9107153080003627,
        2.9148683800012805,
        2.9137467090004066,
        2.9153375609967043,
        2.9160344429983525,
        2.9165904889996455
    ],
    "percentiles": {
        "10": 2.910680246800621,
        "25": 2.9124569852501736,
        "50": 2.9140340110006946,
        "75": 2.9152202657478483,
        "90": 2.9160900475984817,
        "99": 2.916540444859529
    }
}