{
    "avg_latency": 5.552260396999918,
    "latencies": [
        5.548405397999886,
        5.548817798997334,
        5.550954015998286,
        5.54895231699993,
        5.55467144800059,
        5.549687250000716,
        5.553822018002393,
        5.554843018999236,
        5.558720067001559,
        5.5537306379992515
    ],
    "percentiles": {
        "10": 5.548776558897589,
        "25": 5.549136050250127,
        "50": 5.552342326998769,
        "75": 5.554459090501041,
        "90": 5.555230723799468,
        "99": 5.55837113268135
    }
}