{
    "avg_latency": 5.484594170600394,
    "latencies": [
        5.4731890889997885,
        5.480906529999629,
        5.482766001001437,
        5.483894483997574,
        5.485258800999873,
        5.482611278002878,
        5.486917846999859,
        5.492190834000212,
        5.488508754002396,
        5.489698088000296
    ],
    "percentiles": {
        "10": 5.480134785899645,
        "25": 5.482649958752518,
        "50": 5.484576642498723,
        "75": 5.488111027251762,
        "90": 5.4899473626002875,
        "99": 5.491966486860219
    }
}