{
    "avg_latency": 2.1475936733331764,
    "latencies": [
        2.1472388809997938,
        2.1477505699995163,
        2.147791569000219
    ],
    "percentiles": {
        "10": 2.1473412187997383,
        "25": 2.147494725499655,
        "50": 2.1477505699995163,
        "75": 2.1477710694998677,
        "90": 2.1477833692000785,
        "99": 2.147790749020205
    }
}