{
    "avg_latency": 10.778663035999974,
    "latencies": [
        10.775977502999922,
        10.77947464700037,
        10.78053695799963
    ],
    "percentiles": {
        "10": 10.776676931800012,
        "25": 10.777726075000146,
        "50": 10.77947464700037,
        "75": 10.7800058025,
        "90": 10.780324495799778,
        "99": 10.780515711779644
    }
}