{
    "avg_latency": 2.4863767780000976,
    "latencies": [
        2.4864646530004393,
        2.4864570669997192,
        2.486208614000134
    ],
    "percentiles": {
        "10": 2.486258304600051,
        "25": 2.4863328404999265,
        "50": 2.4864570669997192,
        "75": 2.4864608600000793,
        "90": 2.486463135800295,
        "99": 2.486464501280425
    }
}