{
    "avg_latency": 4.370698383666725,
    "latencies": [
        4.369169057999898,
        4.371140722000291,
        4.371785370999987
    ],
    "percentiles": {
        "10": 4.369563390799977,
        "25": 4.370154890000094,
        "50": 4.371140722000291,
        "75": 4.371463046500139,
        "90": 4.371656441200048,
        "99": 4.371772478019993
    }
}