{
    "avg_latency": 4.497866452333407,
    "latencies": [
        4.497364063000077,
        4.497442093000245,
        4.4987932009998985
    ],
    "percentiles": {
        "10": 4.497379669000111,
        "25": 4.497403078000161,
        "50": 4.497442093000245,
        "75": 4.498117647000072,
        "90": 4.498522979399968,
        "99": 4.498766178839905
    }
}