{
    "avg_latency": 2.031987123999746,
    "latencies": [
        2.0307959069996286,
        2.0323434809997707,
        2.0328219839998383
    ],
    "percentiles": {
        "10": 2.031105421799657,
        "25": 2.0315696939996997,
        "50": 2.0323434809997707,
        "75": 2.0325827324998045,
        "90": 2.0327262833998248,
        "99": 2.032812413939837
    }
}