{
    "avg_latency": 18.428863705999902,
    "latencies": [
        18.42478157100004,
        18.42738628999996,
        18.434423256999708
    ],
    "percentiles": {
        "10": 18.425302514800023,
        "25": 18.4260839305,
        "50": 18.42738628999996,
        "75": 18.430904773499833,
        "90": 18.433015863599756,
        "99": 18.434282517659714
    }
}