{
    "avg_latency": 4.446430166000027,
    "latencies": [
        4.43479590600009,
        4.435785312999997,
        4.468709278999995
    ],
    "percentiles": {
        "10": 4.434993787400072,
        "25": 4.4352906095000435,
        "50": 4.435785312999997,
        "75": 4.452247295999996,
        "90": 4.462124485799995,
        "99": 4.468050799679995
    }
}