{
    "avg_latency": 2.042727013666687,
    "latencies": [
        2.0427127419998214,
        2.0422118229998887,
        2.0432564760003515
    ],
    "percentiles": {
        "10": 2.0423120067998752,
        "25": 2.042462282499855,
        "50": 2.0427127419998214,
        "75": 2.0429846090000865,
        "90": 2.0431477292002453,
        "99": 2.043245601320341
    }
}