{
    "avg_latency": 2.4834096113334,
    "latencies": [
        2.4764830379999694,
        2.476146657000072,
        2.497599139000158
    ],
    "percentiles": {
        "10": 2.4762139332000515,
        "25": 2.4763148475000207,
        "50": 2.4764830379999694,
        "75": 2.487041088500064,
        "90": 2.4933759188001203,
        "99": 2.4971768169801543
    }
}