{
    "avg_latency": 2.1471284940001474,
    "latencies": [
        2.1478312550002556,
        2.146896998000102,
        2.146657229000084
    ],
    "percentiles": {
        "10": 2.146705182800088,
        "25": 2.146777113500093,
        "50": 2.146896998000102,
        "75": 2.147364126500179,
        "90": 2.147644403600225,
        "99": 2.1478125698602524
    }
}