{
    "avg_latency": 2.114601958000094,
    "latencies": [
        2.108699895999962,
        2.1254862630003117,
        2.109619715000008
    ],
    "percentiles": {
        "10": 2.1088838597999713,
        "25": 2.109159805499985,
        "50": 2.109619715000008,
        "75": 2.11755298900016,
        "90": 2.122312953400251,
        "99": 2.1251689320403058
    }
}