{
    "avg_latency": 2.1472380510000826,
    "latencies": [
        2.1466971009999725,
        2.14732025100011,
        2.1476968010001656
    ],
    "percentiles": {
        "10": 2.146821731,
        "25": 2.1470086760000413,
        "50": 2.14732025100011,
        "75": 2.147508526000138,
        "90": 2.1476214910001543,
        "99": 2.1476892700001646
    }
}