{
    "avg_latency": 4.796141694000198,
    "latencies": [
        4.796044076000271,
        4.7955474890000005,
        4.796833517000323
    ],
    "percentiles": {
        "10": 4.795646806400055,
        "25": 4.795795782500136,
        "50": 4.796044076000271,
        "75": 4.796438796500297,
        "90": 4.796675628800313,
        "99": 4.796817728180322
    }
}