{
    "avg_latency": 18.161466770666795,
    "latencies": [
        18.157008853000207,
        18.162659910000002,
        18.16473154900018
    ],
    "percentiles": {
        "10": 18.158139064400167,
        "25": 18.159834381500104,
        "50": 18.162659910000002,
        "75": 18.16369572950009,
        "90": 18.164317221200143,
        "99": 18.164690116220175
    }
}