{
    "avg_latency": 6.03583904866673,
    "latencies": [
        6.036045077000381,
        6.036242293000214,
        6.035229775999596
    ],
    "percentiles": {
        "10": 6.035392836199753,
        "25": 6.035637426499989,
        "50": 6.036045077000381,
        "75": 6.036143685000297,
        "90": 6.036202849800247,
        "99": 6.036238348680217
    }
}