{
    "avg_latency": 2.1130972833333694,
    "latencies": [
        2.118752889999996,
        2.1020858790000148,
        2.118453081000098
    ],
    "percentiles": {
        "10": 2.1053593194000313,
        "25": 2.1102694800000563,
        "50": 2.118453081000098,
        "75": 2.118602985500047,
        "90": 2.1186929282000166,
        "99": 2.1187468938199983
    }
}