{
    "avg_latency": 2.1144206569999824,
    "latencies": [
        2.1197365089999494,
        2.1196314599999937,
        2.103894002000004
    ],
    "percentiles": {
        "10": 2.107041493600002,
        "25": 2.111762730999999,
        "50": 2.1196314599999937,
        "75": 2.1196839844999715,
        "90": 2.119715499199958,
        "99": 2.11973440801995
    }
}