{
    "avg_latency": 2.1111148920000837,
    "latencies": [
        2.1160039020001022,
        2.10110574600003,
        2.116235028000119
    ],
    "percentiles": {
        "10": 2.1040853772000445,
        "25": 2.108554824000066,
        "50": 2.1160039020001022,
        "75": 2.1161194650001107,
        "90": 2.116188802800116,
        "99": 2.1162304054801186
    }
}