{
    "avg_latency": 2.0331316523333194,
    "latencies": [
        2.032933979000063,
        2.0330223979999573,
        2.033438579999938
    ],
    "percentiles": {
        "10": 2.032951662800042,
        "25": 2.03297818850001,
        "50": 2.0330223979999573,
        "75": 2.0332304889999477,
        "90": 2.033355343599942,
        "99": 2.0334302563599387
    }
}