{
    "avg_latency": 2.1570768656662644,
    "latencies": [
        2.1571878619997733,
        2.156632391999665,
        2.1574103429993556
    ],
    "percentiles": {
        "10": 2.1567434859996863,
        "25": 2.156910126999719,
        "50": 2.1571878619997733,
        "75": 2.1572991024995645,
        "90": 2.157365846799439,
        "99": 2.157405893379364
    }
}