{
    "avg_latency": 35.94050336999999,
    "latencies": [
        35.938101071000006,
        35.949534717999995,
        35.93387432099996
    ],
    "percentiles": {
        "10": 35.93471967099997,
        "25": 35.935987695999984,
        "50": 35.938101071000006,
        "75": 35.9438178945,
        "90": 35.9472479886,
        "99": 35.94930604506
    }
}