{
    "avg_latency": 2.96604953533218,
    "latencies": [
        2.9585126139973,
        2.9579081410010986,
        2.9817278509981406
    ],
    "percentiles": {
        "10": 2.958029035600339,
        "25": 2.9582103774991992,
        "50": 2.9585126139973,
        "75": 2.9701202324977203,
        "90": 2.9770848035979727,
        "99": 2.981263546258124
    }
}