{
    "avg_latency": 5.743310476666617,
    "latencies": [
        5.737270106001233,
        5.780388057999517,
        5.712273265999102
    ],
    "percentiles": {
        "10": 5.717272633999528,
        "25": 5.724771686000167,
        "50": 5.737270106001233,
        "75": 5.758829082000375,
        "90": 5.77176446759986,
        "99": 5.779525698959551
    }
}