{
    "avg_latency": 5.78372813633329,
    "latencies": [
        5.797526428999845,
        5.774734081999668,
        5.778923898000357
    ],
    "percentiles": {
        "10": 5.775572045199806,
        "25": 5.776828990000013,
        "50": 5.778923898000357,
        "75": 5.788225163500101,
        "90": 5.793805922799947,
        "99": 5.797154378379855
    }
}