{
    "avg_latency": 6.786639403333538,
    "latencies": [
        6.803428057999554,
        6.77713985200171,
        6.779350299999351
    ],
    "percentiles": {
        "10": 6.777581941601238,
        "25": 6.77824507600053,
        "50": 6.779350299999351,
        "75": 6.791389178999452,
        "90": 6.798612506399513,
        "99": 6.80294650283955
    }
}