{
    "avg_latency": 5.168796033665179,
    "latencies": [
        5.1691537859987875,
        5.168531709998206,
        5.168702604998543
    ],
    "percentiles": {
        "10": 5.168565888998273,
        "25": 5.168617157498375,
        "50": 5.168702604998543,
        "75": 5.1689281954986654,
        "90": 5.1690635497987385,
        "99": 5.1691447623787825
    }
}