{
    "avg_latency": 9.011805301666755,
    "latencies": [
        9.009972325999115,
        9.011127678000776,
        9.014315901000373
    ],
    "percentiles": {
        "10": 9.010203396399447,
        "25": 9.010550001999945,
        "50": 9.011127678000776,
        "75": 9.012721789500574,
        "90": 9.013678256400453,
        "99": 9.014252136540382
    }
}