{
    "avg_latency": 5.561071590000021,
    "latencies": [
        5.5739246600001024,
        5.566257138999958,
        5.543032971000002
    ],
    "percentiles": {
        "10": 5.547677804599994,
        "25": 5.55464505499998,
        "50": 5.566257138999958,
        "75": 5.5700908995000304,
        "90": 5.572391155800074,
        "99": 5.573771309580099
    }
}