{
    "avg_latency": 4.698662222667433,
    "latencies": [
        4.678903179999907,
        4.698206911001762,
        4.7188765770006285
    ],
    "percentiles": {
        "10": 4.682763926200278,
        "25": 4.688555045500834,
        "50": 4.698206911001762,
        "75": 4.708541744001195,
        "90": 4.7147426438008555,
        "99": 4.718463183680651
    }
}