{
    "avg_latency": 2.6065681383345995,
    "latencies": [
        2.606469606002065,
        2.6065836470006616,
        2.6066511620010715
    ],
    "percentiles": {
        "10": 2.6064924142017842,
        "25": 2.6065266265013634,
        "50": 2.6065836470006616,
        "75": 2.6066174045008665,
        "90": 2.6066376590009894,
        "99": 2.6066498117010632
    }
}