{
    "avg_latency": 4.722772229666589,
    "latencies": [
        4.735706632000074,
        4.7348275929998636,
        4.697782463999829
    ],
    "percentiles": {
        "10": 4.7051914897998355,
        "25": 4.716305028499846,
        "50": 4.7348275929998636,
        "75": 4.735267112499969,
        "90": 4.735530824200032,
        "99": 4.73568905122007
    }
}