{
    "avg_latency": 4.082517141334392,
    "latencies": [
        4.089426630998787,
        4.086984011002642,
        4.0711407820017484
    ],
    "percentiles": {
        "10": 4.074309427801927,
        "25": 4.079062396502195,
        "50": 4.086984011002642,
        "75": 4.088205321000714,
        "90": 4.088938106999558,
        "99": 4.089377778598864
    }
}