{
    "avg_latency": 1.6526659893327935,
    "latencies": [
        1.6668820630002301,
        1.646262502999889,
        1.6448534019982617
    ],
    "percentiles": {
        "10": 1.645135222198587,
        "25": 1.6455579524990753,
        "50": 1.646262502999889,
        "75": 1.6565722830000595,
        "90": 1.6627581510001619,
        "99": 1.6664696718002232
    }
}