{
    "avg_latency": 5.542073255676466,
    "latencies": [
        5.541358379065059,
        5.542395489988849,
        5.5424658979754895
    ],
    "percentiles": {
        "10": 5.541565801249817,
        "25": 5.541876934526954,
        "50": 5.542395489988849,
        "75": 5.542430693982169,
        "90": 5.542451816378161,
        "99": 5.542464489815757
    }
}