{
    "avg_latency": 4.711568836333754,
    "latencies": [
        4.7004412880005475,
        4.734993782000856,
        4.699271438999858
    ],
    "percentiles": {
        "10": 4.699505408799996,
        "25": 4.699856363500203,
        "50": 4.7004412880005475,
        "75": 4.717717535000702,
        "90": 4.728083283200794,
        "99": 4.73430273212085
    }
}