{
    "avg_latency": 5.593874264666131,
    "latencies": [
        5.594313426001463,
        5.5907550969968725,
        5.596554271000059
    ],
    "percentiles": {
        "10": 5.591466762797791,
        "25": 5.592534261499168,
        "50": 5.594313426001463,
        "75": 5.595433848500761,
        "90": 5.5961061020003395,
        "99": 5.5965094541000875
    }
}