{
    "avg_latency": 5.174333129660226,
    "latencies": [
        5.170088169979863,
        5.176701662945561,
        5.176209556055255
    ],
    "percentiles": {
        "10": 5.171312447194941,
        "25": 5.173148863017559,
        "50": 5.176209556055255,
        "75": 5.176455609500408,
        "90": 5.1766032415675,
        "99": 5.176691820807755
    }
}