{
    "avg_latency": 9.016427763664979,
    "latencies": [
        9.016618377998384,
        9.017236528998183,
        9.015428383998369
    ],
    "percentiles": {
        "10": 9.015666382798372,
        "25": 9.016023380998377,
        "50": 9.016618377998384,
        "75": 9.016927453498283,
        "90": 9.017112898798223,
        "99": 9.017224165978186
    }
}