{
    "avg_latency": 6.596922002616338,
    "latencies": [
        6.630516937933862,
        6.593224213924259,
        6.567024855990894
    ],
    "percentiles": {
        "10": 6.572264727577567,
        "25": 6.5801245349575765,
        "50": 6.593224213924259,
        "75": 6.611870575929061,
        "90": 6.623058393131942,
        "99": 6.6297710834536705
    }
}