{
    "avg_latency": 9.013694607000312,
    "latencies": [
        9.014713820000907,
        9.013230565000413,
        9.01313943599962
    ],
    "percentiles": {
        "10": 9.013157661799777,
        "25": 9.013185000500016,
        "50": 9.013230565000413,
        "75": 9.01397219250066,
        "90": 9.014417169000808,
        "99": 9.014684154900896
    }
}