{
    "avg_latency": 5.175298540736549,
    "latencies": [
        5.175713046104647,
        5.175047773052938,
        5.17513480305206
    ],
    "percentiles": {
        "10": 5.175065179052763,
        "25": 5.175091288052499,
        "50": 5.17513480305206,
        "75": 5.175423924578354,
        "90": 5.17559739749413,
        "99": 5.175701481243595
    }
}