{
    "avg_latency": 12.85859677533396,
    "latencies": [
        12.858440478001285,
        12.85734828600107,
        12.860001561999525
    ],
    "percentiles": {
        "10": 12.857566724401114,
        "25": 12.857894382001177,
        "50": 12.858440478001285,
        "75": 12.859221020000405,
        "90": 12.859689345199877,
        "99": 12.85997034031956
    }
}