{
    "avg_latency": 4.43584127533298,
    "latencies": [
        4.436038981999445,
        4.435201631999917,
        4.43628321199958
    ],
    "percentiles": {
        "10": 4.4353691019998225,
        "25": 4.435620306999681,
        "50": 4.436038981999445,
        "75": 4.436161096999513,
        "90": 4.436234365999553,
        "99": 4.436278327399577
    }
}