{
    "avg_latency": 6.602774510004868,
    "latencies": [
        6.592096209991723,
        6.594683495000936,
        6.621543825021945
    ],
    "percentiles": {
        "10": 6.592613666993566,
        "25": 6.59338985249633,
        "50": 6.594683495000936,
        "75": 6.6081136600114405,
        "90": 6.616171759017743,
        "99": 6.621006618421525
    }
}