{
    "avg_latency": 1.3252768703326485,
    "latencies": [
        1.3258199249976315,
        1.3253345350021846,
        1.3246761509981297
    ],
    "percentiles": {
        "10": 1.3248078277989408,
        "25": 1.3250053430001572,
        "50": 1.3253345350021846,
        "75": 1.325577229999908,
        "90": 1.325722846998542,
        "99": 1.3258102171977226
    }
}