{
    "avg_latency": 9.560802105667486,
    "latencies": [
        9.561992748000193,
        9.559704901999794,
        9.560708667002473
    ],
    "percentiles": {
        "10": 9.55990565500033,
        "25": 9.560206784501133,
        "50": 9.560708667002473,
        "75": 9.561350707501333,
        "90": 9.56173593180065,
        "99": 9.56196706638024
    }
}