{
    "avg_latency": 5.735279342331826,
    "latencies": [
        5.740452689999074,
        5.714955922998342,
        5.750429413998063
    ],
    "percentiles": {
        "10": 5.720055276398488,
        "25": 5.727704306498708,
        "50": 5.740452689999074,
        "75": 5.745441051998569,
        "90": 5.748434069198265,
        "99": 5.750229879518083
    }
}