{
    "avg_latency": 4.41878037200028,
    "latencies": [
        4.418566948999796,
        4.418300627999997,
        4.4194735390010464
    ],
    "percentiles": {
        "10": 4.418353892199957,
        "25": 4.418433788499897,
        "50": 4.418566948999796,
        "75": 4.419020244000421,
        "90": 4.419292221000797,
        "99": 4.4194554072010215
    }
}