{
    "avg_latency": 9.477341131000381,
    "latencies": [
        9.471198630999424,
        9.494081052002002,
        9.466743709999719
    ],
    "percentiles": {
        "10": 9.46763469419966,
        "25": 9.468971170499572,
        "50": 9.471198630999424,
        "75": 9.482639841500713,
        "90": 9.489504567801486,
        "99": 9.493623403581951
    }
}