{
    "avg_latency": 1.485904139333191,
    "latencies": [
        1.4866201699987869,
        1.4836905560005107,
        1.487401692000276
    ],
    "percentiles": {
        "10": 1.4842764788001659,
        "25": 1.4851553629996488,
        "50": 1.4866201699987869,
        "75": 1.4870109309995314,
        "90": 1.487245387599978,
        "99": 1.487386061560246
    }
}