{
    "avg_latency": 4.432036928333218,
    "latencies": [
        4.432061421999606,
        4.431855056000131,
        4.432194306999918
    ],
    "percentiles": {
        "10": 4.431896329200026,
        "25": 4.431958238999869,
        "50": 4.432061421999606,
        "75": 4.432127864499762,
        "90": 4.432167729999856,
        "99": 4.432191649299912
    }
}