{
    "avg_latency": 13.550011189333114,
    "latencies": [
        13.541377230998478,
        13.55324917300095,
        13.555407163999917
    ],
    "percentiles": {
        "10": 13.543751619398972,
        "25": 13.547313201999714,
        "50": 13.55324917300095,
        "75": 13.554328168500433,
        "90": 13.554975565800124,
        "99": 13.555364004179937
    }
}