{
    "avg_latency": 1.0332159979989228,
    "latencies": [
        1.043832454000949,
        1.0267554049969476,
        1.029060134998872
    ],
    "percentiles": {
        "10": 1.0272163509973324,
        "25": 1.0279077699979098,
        "50": 1.029060134998872,
        "75": 1.0364462944999104,
        "90": 1.0408779902005336,
        "99": 1.0435370076209074
    }
}