{
    "avg_latency": 5.892148584333579,
    "latencies": [
        5.895264507998945,
        5.899133901999448,
        5.882047343002341
    ],
    "percentiles": {
        "10": 5.884690776001662,
        "25": 5.888655925500643,
        "50": 5.895264507998945,
        "75": 5.897199204999197,
        "90": 5.898360023199348,
        "99": 5.899056514119438
    }
}