{
    "avg_latency": 4.422438343000977,
    "latencies": [
        4.421805934001895,
        4.422673368000687,
        4.422835727000347
    ],
    "percentiles": {
        "10": 4.421979420801653,
        "25": 4.422239651001291,
        "50": 4.422673368000687,
        "75": 4.422754547500517,
        "90": 4.4228032552004155,
        "99": 4.422832479820354
    }
}