{
    "avg_latency": 14.974790364666356,
    "latencies": [
        14.965760926999792,
        14.977215109000099,
        14.98139505799918
    ],
    "percentiles": {
        "10": 14.968051763399853,
        "25": 14.971488017999945,
        "50": 14.977215109000099,
        "75": 14.97930508349964,
        "90": 14.980559068199364,
        "99": 14.981311459019198
    }
}