{
    "avg_latency": 2.103504741332775,
    "latencies": [
        2.106941673999245,
        2.1102106569996977,
        2.0933618929993827
    ],
    "percentiles": {
        "10": 2.096077849199355,
        "25": 2.1001517834993138,
        "50": 2.106941673999245,
        "75": 2.1085761654994712,
        "90": 2.109556860399607,
        "99": 2.1101452773396887
    }
}