{
    "avg_latency": 2.6058839363334605,
    "latencies": [
        2.6061308890020882,
        2.606133288998535,
        2.6053876309997577
    ],
    "percentiles": {
        "10": 2.605536282600224,
        "25": 2.605759260000923,
        "50": 2.6061308890020882,
        "75": 2.6061320890003117,
        "90": 2.606132808999246,
        "99": 2.606133240998606
    }
}