{
    "avg_latency": 9.006316709681414,
    "latencies": [
        9.005634583998471,
        9.00680537102744,
        9.00651017401833
    ],
    "percentiles": {
        "10": 9.005809702002443,
        "25": 9.006072379008401,
        "50": 9.00651017401833,
        "75": 9.006657772522885,
        "90": 9.006746331625617,
        "99": 9.006799467087257
    }
}