{
    "avg_latency": 9.470709141999881,
    "latencies": [
        9.466806886000995,
        9.468324337998638,
        9.47699620200001
    ],
    "percentiles": {
        "10": 9.467110376400523,
        "25": 9.467565611999817,
        "50": 9.468324337998638,
        "75": 9.472660269999324,
        "90": 9.475261829199734,
        "99": 9.476822764719982
    }
}