{
    "avg_latency": 4.69979819033324,
    "latencies": [
        4.7195586589987215,
        4.719663428000786,
        4.6601724840002134
    ],
    "percentiles": {
        "10": 4.672049718999915,
        "25": 4.6898655714994675,
        "50": 4.7195586589987215,
        "75": 4.719611043499754,
        "90": 4.719642474200373,
        "99": 4.719661332620745
    }
}