{
    "avg_latency": 5.2942842319607735,
    "latencies": [
        5.294688710942864,
        5.295000670943409,
        5.293163313996047
    ],
    "percentiles": {
        "10": 5.29346839338541,
        "25": 5.293926012469456,
        "50": 5.294688710942864,
        "75": 5.294844690943137,
        "90": 5.294938278943301,
        "99": 5.294994431743398
    }
}