{
    "avg_latency": 4.527541326669355,
    "latencies": [
        4.526988240002538,
        4.528326007002761,
        4.527309733002767
    ],
    "percentiles": {
        "10": 4.527052538602584,
        "25": 4.527148986502652,
        "50": 4.527309733002767,
        "75": 4.527817870002764,
        "90": 4.528122752202762,
        "99": 4.528305681522761
    }
}