{
    "avg_latency": 9.010649685334405,
    "latencies": [
        9.010546727000474,
        9.011263402000623,
        9.010138927002117
    ],
    "percentiles": {
        "10": 9.010220487001789,
        "25": 9.010342827001296,
        "50": 9.010546727000474,
        "75": 9.010905064500548,
        "90": 9.011120067000594,
        "99": 9.01124906850062
    }
}