{
    "avg_latency": 10.671181139333688,
    "latencies": [
        10.652435861000413,
        10.686752211000567,
        10.674355346000084
    ],
    "percentiles": {
        "10": 10.656819758000347,
        "25": 10.663395603500248,
        "50": 10.674355346000084,
        "75": 10.680553778500325,
        "90": 10.68427283800047,
        "99": 10.686504273700557
    }
}