{
    "avg_latency": 10.888905397667259,
    "latencies": [
        10.880022547000408,
        10.879506680001214,
        10.907186966000154
    ],
    "percentiles": {
        "10": 10.879609853401053,
        "25": 10.87976461350081,
        "50": 10.880022547000408,
        "75": 10.893604756500281,
        "90": 10.901754082200204,
        "99": 10.90664367762016
    }
}