{
    "avg_latency": 5.176424840666641,
    "latencies": [
        5.176051110000003,
        5.178318723999951,
        5.17490468799997
    ],
    "percentiles": {
        "10": 5.175133972399976,
        "25": 5.175477898999986,
        "50": 5.176051110000003,
        "75": 5.177184916999977,
        "90": 5.177865201199961,
        "99": 5.178273371719952
    }
}