{
    "avg_latency": 4.674341979001231,
    "latencies": [
        4.681526772001234,
        4.681278005002241,
        4.660221160000219
    ],
    "percentiles": {
        "10": 4.664432529000623,
        "25": 4.67074958250123,
        "50": 4.681278005002241,
        "75": 4.681402388501738,
        "90": 4.681477018601436,
        "99": 4.681521796661254
    }
}