{
    "avg_latency": 2.670077279001513,
    "latencies": [
        2.669969973001571,
        2.670043517002341,
        2.6702183470006275
    ],
    "percentiles": {
        "10": 2.6699846818017248,
        "25": 2.670006745001956,
        "50": 2.670043517002341,
        "75": 2.6701309320014843,
        "90": 2.67018338100097,
        "99": 2.670214850400662
    }
}