{
    "avg_latency": 3.970168839334898,
    "latencies": [
        3.9805008220027958,
        3.964405061000434,
        3.965600635001465
    ],
    "percentiles": {
        "10": 3.9646441758006405,
        "25": 3.9650028480009496,
        "50": 3.965600635001465,
        "75": 3.9730507285021304,
        "90": 3.97752078460253,
        "99": 3.9802028182627693
    }
}