{
    "avg_latency": 6.996174725703895,
    "latencies": [
        6.987036147038452,
        6.993242833064869,
        7.008245197008364
    ],
    "percentiles": {
        "10": 6.988277484243736,
        "25": 6.990139490051661,
        "50": 6.993242833064869,
        "75": 7.0007440150366165,
        "90": 7.005244724219665,
        "99": 7.007945149729494
    }
}