{
    "avg_latency": 9.83182895835489,
    "latencies": [
        9.83361940504983,
        9.8328492869623,
        9.82901818305254
    ],
    "percentiles": {
        "10": 9.829784403834491,
        "25": 9.83093373500742,
        "50": 9.8328492869623,
        "75": 9.833234346006066,
        "90": 9.833465381432324,
        "99": 9.83360400268808
    }
}