{
    "avg_latency": 4.849872517334006,
    "latencies": [
        4.877559560001828,
        4.8183139089996985,
        4.8537440830004925
    ],
    "percentiles": {
        "10": 4.825399943799857,
        "25": 4.8360289960000955,
        "50": 4.8537440830004925,
        "75": 4.86565182150116,
        "90": 4.872796464601561,
        "99": 4.877083250461801
    }
}