{
    "avg_latency": 10.420628309667032,
    "latencies": [
        10.428691354001785,
        10.40891666600146,
        10.424276908997854
    ],
    "percentiles": {
        "10": 10.411988714600739,
        "25": 10.416596787499657,
        "50": 10.424276908997854,
        "75": 10.42648413149982,
        "90": 10.427808465000998,
        "99": 10.428603065101706
    }
}