{
    "avg_latency": 2.7679261832963675,
    "latencies": [
        2.767885159002617,
        2.7680755829205737,
        2.767817807965912
    ],
    "percentiles": {
        "10": 2.767831278173253,
        "25": 2.7678514834842645,
        "50": 2.767885159002617,
        "75": 2.7679803709615953,
        "90": 2.7680374981369824,
        "99": 2.7680717744422143
    }
}