{
    "avg_latency": 0.6877670593336612,
    "latencies": [
        0.6881919890001882,
        0.6876458379992982,
        0.6874633510014974
    ],
    "percentiles": {
        "10": 0.6874998484010575,
        "25": 0.6875545945003978,
        "50": 0.6876458379992982,
        "75": 0.6879189134997432,
        "90": 0.6880827588000102,
        "99": 0.6881810659801704
    }
}