{
    "avg_latency": 9.607275580333711,
    "latencies": [
        9.620014365002135,
        9.601256746998843,
        9.600555629000155
    ],
    "percentiles": {
        "10": 9.600695852599893,
        "25": 9.600906187999499,
        "50": 9.601256746998843,
        "75": 9.610635556000489,
        "90": 9.616262841401475,
        "99": 9.619639212642069
    }
}