{
    "avg_latency": 2.8969731370004106,
    "latencies": [
        2.8917812280014914,
        2.907661540000845,
        2.891476642998896
    ],
    "percentiles": {
        "10": 2.891537559999415,
        "25": 2.8916289355001936,
        "50": 2.8917812280014914,
        "75": 2.899721384001168,
        "90": 2.904485477600974,
        "99": 2.907343933760858
    }
}