{
    "avg_latency": 3.165087093676751,
    "latencies": [
        3.1641209949739277,
        3.1638599609723315,
        3.1672803250839934
    ],
    "percentiles": {
        "10": 3.1639121677726507,
        "25": 3.1639904779731296,
        "50": 3.1641209949739277,
        "75": 3.1657006600289606,
        "90": 3.1666484590619803,
        "99": 3.167217138481792
    }
}