{
    "avg_latency": 4.423280484332888,
    "latencies": [
        4.423079095999128,
        4.423139523001737,
        4.423622833997797
    ],
    "percentiles": {
        "10": 4.42309118139965,
        "25": 4.423109309500433,
        "50": 4.423139523001737,
        "75": 4.423381178499767,
        "90": 4.423526171798585,
        "99": 4.423613167777876
    }
}