{
    "avg_latency": 4.88830493733379,
    "latencies": [
        4.854477635002695,
        4.8972898770007305,
        4.913147299997945
    ],
    "percentiles": {
        "10": 4.863040083402302,
        "25": 4.875883756001713,
        "50": 4.8972898770007305,
        "75": 4.905218588499338,
        "90": 4.909975815398502,
        "99": 4.912830151538
    }
}