{
    "avg_latency": 13.585319198318757,
    "latencies": [
        13.580825006007217,
        13.592182424967177,
        13.582950163981877
    ],
    "percentiles": {
        "10": 13.58125003760215,
        "25": 13.581887584994547,
        "50": 13.582950163981877,
        "75": 13.587566294474527,
        "90": 13.590335972770117,
        "99": 13.591997779747471
    }
}