{
    "avg_latency": 9.66903649631422,
    "latencies": [
        9.669259758898988,
        9.668671134044416,
        9.669178595999256
    ],
    "percentiles": {
        "10": 9.668772626435384,
        "25": 9.668924865021836,
        "50": 9.669178595999256,
        "75": 9.669219177449122,
        "90": 9.669243526319041,
        "99": 9.669258135640995
    }
}