{
    "avg_latency": 10.942377174666035,
    "latencies": [
        10.945134954999958,
        10.931075397998939,
        10.950921170999209
    ],
    "percentiles": {
        "10": 10.933887309399143,
        "25": 10.938105176499448,
        "50": 10.945134954999958,
        "75": 10.948028062999583,
        "90": 10.949763927799358,
        "99": 10.950805446679224
    }
}