{
    "avg_latency": 2.7202359443350965,
    "latencies": [
        2.733267989002343,
        2.712418791001255,
        2.715021053001692
    ],
    "percentiles": {
        "10": 2.7129392434013426,
        "25": 2.7137199220014736,
        "50": 2.715021053001692,
        "75": 2.7241445210020174,
        "90": 2.729618601802213,
        "99": 2.7329030502823297
    }
}