{
    "avg_latency": 5.527353508669573,
    "latencies": [
        5.525834165979177,
        5.518838447984308,
        5.537387912045233
    ],
    "percentiles": {
        "10": 5.520237591583282,
        "25": 5.522336306981742,
        "50": 5.525834165979177,
        "75": 5.531611039012205,
        "90": 5.535077162832022,
        "99": 5.537156837123912
    }
}