{
  "args": {
    "thread_counts": [
      2,
      4,
      8,
      16,
      24
    ],
    "buckets": [
      1,
      4,
      16
    ],
    "n_iters": 30,
    "warmup": 5,
    "k": 3584,
    "n": 3408,
    "results_dir": "/TTC/David/Benchmarks/phase1c/results"
  },
  "shape": {
    "k": 3584,
    "n": 3408
  },
  "grid": {
    "1": {
      "2": {
        "median_us": 457.3185,
        "p90_us": 517.5885999999999,
        "min_us": 450.858,
        "max_us": 558.639
      },
      "4": {
        "median_us": 241.397,
        "p90_us": 282.9152,
        "min_us": 237.223,
        "max_us": 293.114
      },
      "8": {
        "median_us": 225.481,
        "p90_us": 349.10420000000005,
        "min_us": 223.41,
        "max_us": 399.316
      },
      "16": {
        "median_us": 142.9605,
        "p90_us": 217.13670000000002,
        "min_us": 138.512,
        "max_us": 271.825
      },
      "24": {
        "median_us": 96.9975,
        "p90_us": 113.23029999999999,
        "min_us": 96.474,
        "max_us": 119.404
      }
    },
    "4": {
      "2": {
        "median_us": 1728.3229999999999,
        "p90_us": 1802.4535,
        "min_us": 1700.854,
        "max_us": 1837.12
      },
      "4": {
        "median_us": 862.408,
        "p90_us": 954.8688,
        "min_us": 849.826,
        "max_us": 977.204
      },
      "8": {
        "median_us": 890.569,
        "p90_us": 916.7698999999999,
        "min_us": 886.152,
        "max_us": 969.471
      },
      "16": {
        "median_us": 507.054,
        "p90_us": 711.1845999999999,
        "min_us": 499.76,
        "max_us": 725.051
      },
      "24": {
        "median_us": 354.0055,
        "p90_us": 508.9602999999999,
        "min_us": 342.828,
        "max_us": 529.974
      }
    },
    "16": {
      "2": {
        "median_us": 6832.4755000000005,
        "p90_us": 7006.6072,
        "min_us": 6665.297,
        "max_us": 7070.3
      },
      "4": {
        "median_us": 3451.8745,
        "p90_us": 3511.5994,
        "min_us": 3360.417,
        "max_us": 3572.932
      },
      "8": {
        "median_us": 3620.143,
        "p90_us": 3811.2155999999995,
        "min_us": 3546.259,
        "max_us": 3824.134
      },
      "16": {
        "median_us": 1847.4695000000002,
        "p90_us": 2032.1218999999996,
        "min_us": 1801.47,
        "max_us": 2059.019
      },
      "24": {
        "median_us": 1326.5265,
        "p90_us": 1376.9768,
        "min_us": 1316.22,
        "max_us": 1398.296
      }
    }
  },
  "optimal_cpu_num_threads_by_bucket": {
    "1": 24,
    "4": 24,
    "16": 24
  }
}