{
    "avg_latency": 2.5885779450036353,
    "latencies": [
        2.5885779450036353
    ],
    "percentiles": {
        "10": 2.5885779450036353,
        "25": 2.5885779450036353,
        "50": 2.5885779450036353,
        "75": 2.5885779450036353,
        "90": 2.5885779450036353,
        "99": 2.5885779450036353
    }
}