{
    "avg_latency": 2.4219911309919553,
    "latencies": [
        2.4219911309919553
    ],
    "percentiles": {
        "10": 2.4219911309919553,
        "25": 2.4219911309919553,
        "50": 2.4219911309919553,
        "75": 2.4219911309919553,
        "90": 2.4219911309919553,
        "99": 2.4219911309919553
    }
}