{
    "avg_latency": 2.3007281400059583,
    "latencies": [
        2.3007281400059583
    ],
    "percentiles": {
        "10": 2.3007281400059583,
        "25": 2.3007281400059583,
        "50": 2.3007281400059583,
        "75": 2.3007281400059583,
        "90": 2.3007281400059583,
        "99": 2.3007281400059583
    }
}