{
    "avg_latency": 2.951411485002609,
    "latencies": [
        2.951411485002609
    ],
    "percentiles": {
        "10": 2.951411485002609,
        "25": 2.951411485002609,
        "50": 2.951411485002609,
        "75": 2.951411485002609,
        "90": 2.951411485002609,
        "99": 2.951411485002609
    }
}