{
    "avg_latency": 2.6229832069948316,
    "latencies": [
        2.6229832069948316
    ],
    "percentiles": {
        "10": 2.6229832069948316,
        "25": 2.6229832069948316,
        "50": 2.6229832069948316,
        "75": 2.6229832069948316,
        "90": 2.6229832069948316,
        "99": 2.6229832069948316
    }
}