{
    "avg_latency": 2.038856250990648,
    "latencies": [
        2.038856250990648
    ],
    "percentiles": {
        "10": 2.038856250990648,
        "25": 2.038856250990648,
        "50": 2.038856250990648,
        "75": 2.038856250990648,
        "90": 2.038856250990648,
        "99": 2.038856250990648
    }
}