{
  "model": "Qwen/Qwen2.5-7B-Instruct",
  "grids": {
    "decode_heavy": {
      "input_len": 8,
      "output_len": 128,
      "batches": [
        1,
        4,
        16,
        64
      ],
      "gs": [
        1,
        2,
        4,
        7,
        14,
        28
      ],
      "none": {
        "1": 2.0334269779971996,
        "4": 2.109586526331744,
        "16": 2.147717597663965,
        "64": 2.4815311720012687
      },
      "prefetch": {
        "prefetch_dryrun_g1": {
          "1": 2.043214307333983,
          "4": 2.1088838553332607,
          "16": 2.1564986399995782,
          "64": 2.48798282033628
        },
        "prefetch_real_g1": {
          "1": 71.99296689166658,
          "4": 71.968897408003,
          "16": 72.52271332933257,
          "64": 72.88041741966542
        },
        "prefetch_real_unfixed_g1": {
          "1": 71.73393947833392,
          "4": 71.68221129666684,
          "16": 72.40899891900092,
          "64": 72.68578062066565
        },
        "prefetch_dryrun_g2": {
          "1": 2.036541372331461,
          "4": 2.1193729736672444,
          "16": 2.154276185002042,
          "64": 2.479295952662748
        },
        "prefetch_real_g2": {
          "1": 36.01789844633216,
          "4": 36.07093655699767,
          "16": 36.36517919866552,
          "64": 36.55282528333191
        },
        "prefetch_real_unfixed_g2": {
          "1": 35.93810973666647,
          "4": 35.98133739433009,
          "16": 36.27434647033321,
          "64": 36.410649104669574
        },
        "prefetch_dryrun_g4": {
          "1": 2.033557282333883,
          "4": 2.1058977256664853,
          "16": 2.149171436666317,
          "64": 2.4825028516667467
        },
        "prefetch_real_g4": {
          "1": 18.09330003100331,
          "4": 18.114313099334442,
          "16": 18.266323584997735,
          "64": 18.39926741133336
        },
        "prefetch_real_unfixed_g4": {
          "1": 18.148416988333338,
          "4": 18.221409532333343,
          "16": 18.319941676666645,
          "64": 18.419426071666635
        },
        "prefetch_dryrun_g7": {
          "1": 2.0344388049999984,
          "4": 2.113071327333311,
          "16": 2.148470152000035,
          "64": 2.4784302590000302
        },
        "prefetch_real_g7": {
          "1": 10.415569116333396,
          "4": 10.48063318499995,
          "16": 10.51765384533322,
          "64": 10.593641025000048
        },
        "prefetch_real_unfixed_g7": {
          "1": 10.637352293000049,
          "4": 10.715219544666676,
          "16": 10.775408599000002,
          "64": 10.885694150666646
        },
        "prefetch_dryrun_g14": {
          "1": 2.031843115333307,
          "4": 2.1050897330000375,
          "16": 2.146280986333371,
          "64": 2.4767771436666712
        },
        "prefetch_real_g14": {
          "1": 5.287024047666591,
          "4": 5.318259114999971,
          "16": 5.34554713233327,
          "64": 5.406039683333802
        },
        "prefetch_real_unfixed_g14": {
          "1": 5.998861246666517,
          "4": 6.032817012332695,
          "16": 6.098248674000085,
          "64": 6.257393545999851
        },
        "prefetch_dryrun_g28": {
          "1": 2.03257248066681,
          "4": 2.1039563873328007,
          "16": 2.1458282549992873,
          "64": 2.4794260016666763
        },
        "prefetch_real_g28": {
          "1": 2.726559660000324,
          "4": 2.7324596696665444,
          "16": 2.7663832683338114,
          "64": 2.828467640000478
        },
        "prefetch_real_unfixed_g28": {
          "1": 4.369769995666502,
          "4": 4.470154711666207,
          "16": 4.498845278665613,
          "64": 4.792881951333281
        }
      }
    },
    "pf_match": {
      "input_len": 256,
      "output_len": 32,
      "batches": [
        1,
        16,
        64
      ],
      "gs": [
        1,
        2,
        4,
        7,
        14,
        28
      ],
      "none": {
        "1": 0.5214404273331942,
        "16": 0.88709320199996,
        "64": 2.033092334999916
      },
      "prefetch": {
        "prefetch_dryrun_g1": {
          "1": 0.5235069343331512,
          "16": 0.8746224573339229,
          "64": 1.9660349406670623
        },
        "prefetch_real_g1": {
          "1": 17.97999609433221,
          "16": 18.880373586000132,
          "64": 20.518712487999437
        },
        "prefetch_real_unfixed_g1": {
          "1": 17.9377810006669,
          "16": 18.834419939000025,
          "64": 20.468508224332254
        },
        "prefetch_dryrun_g2": {
          "1": 0.5220352666662317,
          "16": 0.8742512913334698,
          "64": 1.981059363333164
        },
        "prefetch_real_g2": {
          "1": 9.011044814000343,
          "16": 9.465961226666574,
          "64": 10.421687067667031
        },
        "prefetch_real_unfixed_g2": {
          "1": 8.988132062999284,
          "16": 9.44625182266706,
          "64": 10.427188437999575
        },
        "prefetch_dryrun_g4": {
          "1": 0.5215948240002035,
          "16": 0.8800419486669853,
          "64": 2.0057625333326237
        },
        "prefetch_real_g4": {
          "1": 4.524618019999859,
          "16": 4.800898101667069,
          "64": 5.886868152666769
        },
        "prefetch_real_unfixed_g4": {
          "1": 4.53752914566697,
          "16": 4.8611552289997535,
          "64": 5.942267521666508
        },
        "prefetch_dryrun_g7": {
          "1": 0.5219064826669637,
          "16": 0.8832986219998323,
          "64": 2.0137290336667015
        },
        "prefetch_real_g7": {
          "1": 2.6052016546667196,
          "16": 2.9183600016664664,
          "64": 3.9832618976664285
        },
        "prefetch_real_unfixed_g7": {
          "1": 2.66786252033368,
          "16": 2.989864391333564,
          "64": 4.081101480000143
        },
        "prefetch_dryrun_g14": {
          "1": 0.5210947310000241,
          "16": 0.8862804353332953,
          "64": 2.019770624667217
        },
        "prefetch_real_g14": {
          "1": 1.3245244356670203,
          "16": 1.6558149336669885,
          "64": 2.721623550999842
        },
        "prefetch_real_unfixed_g14": {
          "1": 1.5060044799999257,
          "16": 1.8622011116664605,
          "64": 2.9745305226667065
        },
        "prefetch_dryrun_g28": {
          "1": 0.5212951483341991,
          "16": 0.8859324259998781,
          "64": 2.026951962999495
        },
        "prefetch_real_g28": {
          "1": 0.6873723316669688,
          "16": 1.037376314334324,
          "64": 2.102432169000167
        },
        "prefetch_real_unfixed_g28": {
          "1": 1.1037686183329545,
          "16": 1.4831854826667648,
          "64": 2.630404999333526
        }
      }
    }
  }
}