{
  "model": "Qwen/Qwen2.5-7B-Instruct",
  "grids": {
    "decode_heavy": {
      "input_len": 8,
      "output_len": 128,
      "batches": [
        1,
        4,
        16,
        64
      ],
      "gs": [
        1,
        2,
        4,
        7,
        14,
        28
      ],
      "none": {
        "1": 2.0340163446665733,
        "4": 2.110150776333588,
        "16": 2.1475936733331764,
        "64": 2.4808667896665306
      },
      "prefetch": {
        "prefetch_dryrun_g1": {
          "1": 2.042727013666687,
          "4": 2.114601958000094,
          "16": 2.1570768656662644,
          "64": 2.4863767780000976
        },
        "prefetch_real_g1": {
          "1": 71.78771450533289,
          "4": 71.85539208366693,
          "16": 72.45449238366564,
          "64": 72.71756310266665
        },
        "prefetch_dryrun_g2": {
          "1": 2.0385477203333267,
          "4": 2.1144206569999824,
          "16": 2.154919342999998,
          "64": 2.482263820333344
        },
        "prefetch_real_g2": {
          "1": 35.94050336999999,
          "4": 36.086115416333314,
          "16": 36.292908263333324,
          "64": 36.458279074666656
        },
        "prefetch_dryrun_g4": {
          "1": 2.0331316523333194,
          "4": 2.1130972833333694,
          "16": 2.1493293516665894,
          "64": 2.4834096113334
        },
        "prefetch_real_g4": {
          "1": 18.161466770666795,
          "4": 18.17051357766665,
          "16": 18.325673227,
          "64": 18.428863705999902
        },
        "prefetch_dryrun_g7": {
          "1": 2.0334026206666445,
          "4": 2.1111148920000837,
          "16": 2.1471284940001474,
          "64": 2.476918302333312
        },
        "prefetch_real_g7": {
          "1": 10.656127579999975,
          "4": 10.685044016999958,
          "16": 10.778663035999974,
          "64": 10.888415410333286
        },
        "prefetch_dryrun_g14": {
          "1": 2.034010672666833,
          "4": 2.0996118849999825,
          "16": 2.1472380510000826,
          "64": 2.478941188333465
        },
        "prefetch_real_g14": {
          "1": 5.999587611666509,
          "4": 6.03583904866673,
          "16": 6.099724516666659,
          "64": 6.261487913333288
        },
        "prefetch_dryrun_g28": {
          "1": 2.031987123999746,
          "4": 2.1059307783331556,
          "16": 2.147703911666819,
          "64": 2.480028379333362
        },
        "prefetch_real_g28": {
          "1": 4.370698383666725,
          "4": 4.446430166000027,
          "16": 4.497866452333407,
          "64": 4.796141694000198
        }
      }
    },
    "pf_match": {
      "input_len": 256,
      "output_len": 32,
      "batches": [
        1,
        16,
        64
      ],
      "gs": [
        1,
        2,
        4,
        7,
        14,
        28
      ],
      "none": {
        "1": 0.5211998093333629,
        "16": 0.889303555000121,
        "64": 2.0351287913334395
      },
      "prefetch": {
        "prefetch_dryrun_g1": {
          "1": 0.5231196173334259,
          "16": 0.8746738046667512,
          "64": 1.9669452133333227
        },
        "prefetch_real_g1": {
          "1": 17.93570515866668,
          "16": 18.825454483000005,
          "64": 20.480229250999855
        },
        "prefetch_dryrun_g2": {
          "1": 0.5227971290002339,
          "16": 0.8752448566665407,
          "64": 1.9825502083337294
        },
        "prefetch_real_g2": {
          "1": 8.990619098999863,
          "16": 9.451305238333589,
          "64": 10.428979492666562
        },
        "prefetch_dryrun_g4": {
          "1": 0.5218778076665936,
          "16": 0.8796195673330658,
          "64": 2.009393523666404
        },
        "prefetch_real_g4": {
          "1": 4.539291523333001,
          "16": 4.868188815999929,
          "64": 5.964732851333186
        },
        "prefetch_dryrun_g7": {
          "1": 0.521744748666606,
          "16": 0.8844193233332286,
          "64": 2.0157166776668114
        },
        "prefetch_real_g7": {
          "1": 2.668367704666707,
          "16": 2.9883595543333286,
          "64": 4.101067897000273
        },
        "prefetch_dryrun_g14": {
          "1": 0.5216203863331733,
          "16": 0.8845033873337039,
          "64": 2.023037624000002
        },
        "prefetch_real_g14": {
          "1": 1.505995131333293,
          "16": 1.865464425333812,
          "64": 2.9775173009999585
        },
        "prefetch_dryrun_g28": {
          "1": 0.521296073000182,
          "16": 0.8870939599998261,
          "64": 2.0279997600003603
        },
        "prefetch_real_g28": {
          "1": 1.1026111883329577,
          "16": 1.4847013336669381,
          "64": 2.634893598332989
        }
      }
    }
  }
}