{
    "avg_latency": 2.6091853710022406,
    "latencies": [
        2.6091853710022406
    ],
    "percentiles": {
        "10": 2.6091853710022406,
        "25": 2.6091853710022406,
        "50": 2.6091853710022406,
        "75": 2.6091853710022406,
        "90": 2.6091853710022406,
        "99": 2.6091853710022406
    }
}