{
    "avg_latency": 2.708367352002824,
    "latencies": [
        2.708367352002824
    ],
    "percentiles": {
        "10": 2.708367352002824,
        "25": 2.708367352002824,
        "50": 2.708367352002824,
        "75": 2.708367352002824,
        "90": 2.708367352002824,
        "99": 2.708367352002824
    }
}