{
    "avg_latency": 2.8722160199977225,
    "latencies": [
        2.8722160199977225
    ],
    "percentiles": {
        "10": 2.8722160199977225,
        "25": 2.8722160199977225,
        "50": 2.8722160199977225,
        "75": 2.8722160199977225,
        "90": 2.8722160199977225,
        "99": 2.8722160199977225
    }
}