{
    "avg_latency": 2.0382553640010883,
    "latencies": [
        2.0382553640010883
    ],
    "percentiles": {
        "10": 2.0382553640010883,
        "25": 2.0382553640010883,
        "50": 2.0382553640010883,
        "75": 2.0382553640010883,
        "90": 2.0382553640010883,
        "99": 2.0382553640010883
    }
}