{
    "elapsed_time": 287.51036921702325,
    "num_requests": 512,
    "total_num_tokens": 327680,
    "requests_per_second": 1.7808053371929826,
    "tokens_per_second": 1139.715415803509
}