{
    "elapsed_time": 17.47409110609442,
    "num_requests": 1024,
    "total_num_tokens": 655360,
    "requests_per_second": 58.601045043359115,
    "tokens_per_second": 37504.66882774983
}