{
    "elapsed_time": 17.545190752018243,
    "num_requests": 1024,
    "total_num_tokens": 655360,
    "requests_per_second": 58.36357178859444,
    "tokens_per_second": 37352.68594470044
}