{
    "elapsed_time": 149.06195422681049,
    "num_requests": 512,
    "total_num_tokens": 327680,
    "requests_per_second": 3.434813414702375,
    "tokens_per_second": 2198.28058540952
}