{
    "elapsed_time": 17.572619929909706,
    "num_requests": 1024,
    "total_num_tokens": 655360,
    "requests_per_second": 58.272471838822824,
    "tokens_per_second": 37294.381976846606
}