{
    "elapsed_time": 17.49178462428972,
    "num_requests": 1024,
    "total_num_tokens": 655360,
    "requests_per_second": 58.54176814971966,
    "tokens_per_second": 37466.73161582058
}