{
    "elapsed_time": 18.0515905469656,
    "num_requests": 1024,
    "total_num_tokens": 655360,
    "requests_per_second": 56.72630327703341,
    "tokens_per_second": 36304.834097301384
}