{
    "avg_latency": 0.5214404273331942,
    "latencies": [
        0.5214637040007801,
        0.5213426499994966,
        0.5215149279993057
    ],
    "percentiles": {
        "10": 0.5213668607997534,
        "25": 0.5214031770001384,
        "50": 0.5214637040007801,
        "75": 0.5214893160000429,
        "90": 0.5215046831996005,
        "99": 0.5215139035193351
    }
}