{
    "avg_latency": 2.033092334999916,
    "latencies": [
        2.0312652169996,
        2.0328848810004274,
        2.0351269069997215
    ],
    "percentiles": {
        "10": 2.0315891497997653,
        "25": 2.0320750490000137,
        "50": 2.0328848810004274,
        "75": 2.0340058940000745,
        "90": 2.0346785017998625,
        "99": 2.0350820664797356
    }
}