{
    "avg_latency": 0.88709320199996,
    "latencies": [
        0.8839947489996121,
        0.8896383240007708,
        0.8876465329994971
    ],
    "percentiles": {
        "10": 0.8847251057995891,
        "25": 0.8858206409995546,
        "50": 0.8876465329994971,
        "75": 0.888642428500134,
        "90": 0.8892399658005161,
        "99": 0.8895984881807454
    }
}