{
    "avg_latency": 1.1037686183329545,
    "latencies": [
        1.1037907909994829,
        1.1037982790003298,
        1.103716784999051
    ],
    "percentiles": {
        "10": 1.1037315861991375,
        "25": 1.103753787999267,
        "50": 1.1037907909994829,
        "75": 1.1037945349999063,
        "90": 1.1037967814001604,
        "99": 1.103798129240313
    }
}