{
    "avg_latency": 2.630404999333526,
    "latencies": [
        2.628234182999222,
        2.631572607000635,
        2.631408208000721
    ],
    "percentiles": {
        "10": 2.628868987999522,
        "25": 2.6298211954999715,
        "50": 2.631408208000721,
        "75": 2.631490407500678,
        "90": 2.631539727200652,
        "99": 2.6315693190206364
    }
}