{
    "avg_latency": 9.011044814000343,
    "latencies": [
        9.011022455000784,
        9.01071534699986,
        9.011396640000385
    ],
    "percentiles": {
        "10": 9.010776768600044,
        "25": 9.010868901000322,
        "50": 9.011022455000784,
        "75": 9.011209547500584,
        "90": 9.011321803000465,
        "99": 9.011389156300393
    }
}