{
    "avg_latency": 10.427188437999575,
    "latencies": [
        10.430560789000083,
        10.421585140999014,
        10.42941938399963
    ],
    "percentiles": {
        "10": 10.423151989599138,
        "25": 10.425502262499322,
        "50": 10.42941938399963,
        "75": 10.429990086499856,
        "90": 10.430332507999992,
        "99": 10.430537960900073
    }
}