{
    "avg_latency": 1.9660349406670623,
    "latencies": [
        1.9666983370007074,
        1.9637670789998083,
        1.9676394060006714
    ],
    "percentiles": {
        "10": 1.964353330599988,
        "25": 1.9652327080002578,
        "50": 1.9666983370007074,
        "75": 1.9671688715006894,
        "90": 1.9674511922006785,
        "99": 1.9676205846206722
    }
}