{
    "avg_latency": 4.53752914566697,
    "latencies": [
        4.5374207660006505,
        4.5374054399999295,
        4.5377612310003315
    ],
    "percentiles": {
        "10": 4.537408505200074,
        "25": 4.53741310300029,
        "50": 4.5374207660006505,
        "75": 4.537590998500491,
        "90": 4.537693138000395,
        "99": 4.537754421700338
    }
}