{
    "avg_latency": 1.505995131333293,
    "latencies": [
        1.5059641529996952,
        1.5057828549997794,
        1.5062383860004047
    ],
    "percentiles": {
        "10": 1.5058191145997626,
        "25": 1.5058735039997373,
        "50": 1.5059641529996952,
        "75": 1.50610126950005,
        "90": 1.5061835394002627,
        "99": 1.5062329013403906
    }
}