{
    "avg_latency": 4.800898101667069,
    "latencies": [
        4.790158845000406,
        4.805779422000342,
        4.806756038000458
    ],
    "percentiles": {
        "10": 4.793282960400393,
        "25": 4.797969133500374,
        "50": 4.805779422000342,
        "75": 4.8062677300004,
        "90": 4.806560714800435,
        "99": 4.806736505680456
    }
}