{
    "avg_latency": 2.9775173009999585,
    "latencies": [
        2.9766834689999087,
        2.977720306000265,
        2.9781481279997024
    ],
    "percentiles": {
        "10": 2.97689083639998,
        "25": 2.9772018875000867,
        "50": 2.977720306000265,
        "75": 2.9779342169999836,
        "90": 2.978062563599815,
        "99": 2.978139571559714
    }
}