{
    "avg_latency": 2.023037624000002,
    "latencies": [
        2.020894682999824,
        2.0257811940000465,
        2.0224369950001346
    ],
    "percentiles": {
        "10": 2.021203145399886,
        "25": 2.0216658389999793,
        "50": 2.0224369950001346,
        "75": 2.0241090945000906,
        "90": 2.025112354200064,
        "99": 2.025714310020048
    }
}