{
    "avg_latency": 2.989864391333564,
    "latencies": [
        2.9900523249998514,
        2.9887209050011734,
        2.990819943999668
    ],
    "percentiles": {
        "10": 2.988987189000909,
        "25": 2.9893866150005124,
        "50": 2.9900523249998514,
        "75": 2.9904361344997596,
        "90": 2.9906664201997044,
        "99": 2.9908045916196717
    }
}