{
    "avg_latency": 2.9183600016664664,
    "latencies": [
        2.9132482149998395,
        2.950072702999023,
        2.891759087000537
    ],
    "percentiles": {
        "10": 2.8960569126003977,
        "25": 2.9025036510001883,
        "50": 2.9132482149998395,
        "75": 2.9316604589994313,
        "90": 2.9427078053991864,
        "99": 2.9493362132390395
    }
}