{
    "avg_latency": 0.6873723316669688,
    "latencies": [
        0.6873760290000064,
        0.6870339990000502,
        0.6877069670008495
    ],
    "percentiles": {
        "10": 0.6871024050000415,
        "25": 0.6872050140000283,
        "50": 0.6873760290000064,
        "75": 0.687541498000428,
        "90": 0.6876407794006809,
        "99": 0.6877003482408327
    }
}