{
    "avg_latency": 1.4831854826667648,
    "latencies": [
        1.481758952999371,
        1.486113415001455,
        1.481684079999468
    ],
    "percentiles": {
        "10": 1.4816990545994486,
        "25": 1.4817215164994195,
        "50": 1.481758952999371,
        "75": 1.483936184000413,
        "90": 1.4852425226010382,
        "99": 1.4860263257614132
    }
}