{
    "avg_latency": 4.524618019999859,
    "latencies": [
        4.524681258999408,
        4.524771726999461,
        4.524401074000707
    ],
    "percentiles": {
        "10": 4.524457111000447,
        "25": 4.524541166500057,
        "50": 4.524681258999408,
        "75": 4.524726492999434,
        "90": 4.524753633399451,
        "99": 4.52476991763946
    }
}