{
    "avg_latency": 17.9377810006669,
    "latencies": [
        17.93350128900056,
        17.939431581999088,
        17.940410131001045
    ],
    "percentiles": {
        "10": 17.934687347600267,
        "25": 17.936466435499824,
        "50": 17.939431581999088,
        "75": 17.939920856500066,
        "90": 17.940214421200654,
        "99": 17.940390560021005
    }
}