{
    "avg_latency": 2.0137290336667015,
    "latencies": [
        2.016582725000262,
        2.0101927209998394,
        2.0144116550000035
    ],
    "percentiles": {
        "10": 2.011036507799872,
        "25": 2.0123021879999214,
        "50": 2.0144116550000035,
        "75": 2.015497190000133,
        "90": 2.0161485110002104,
        "99": 2.016539303600257
    }
}