{
    "avg_latency": 20.518712487999437,
    "latencies": [
        20.517009515999234,
        20.51717826099957,
        20.521949686999506
    ],
    "percentiles": {
        "10": 20.5170432649993,
        "25": 20.517093888499403,
        "50": 20.51717826099957,
        "75": 20.51956397399954,
        "90": 20.520995401799517,
        "99": 20.521854258479507
    }
}