{
    "avg_latency": 0.5216203863331733,
    "latencies": [
        0.521518587999708,
        0.5217388040000515,
        0.5216037669997604
    ],
    "percentiles": {
        "10": 0.5215356237997184,
        "25": 0.5215611774997342,
        "50": 0.5216037669997604,
        "75": 0.5216712854999059,
        "90": 0.5217117965999932,
        "99": 0.5217361032600456
    }
}