{
    "avg_latency": 0.8800419486669853,
    "latencies": [
        0.8785877370009985,
        0.8823429410003882,
        0.8791951679995691
    ],
    "percentiles": {
        "10": 0.8787092232007125,
        "25": 0.8788914525002838,
        "50": 0.8791951679995691,
        "75": 0.8807690544999787,
        "90": 0.8817133864002245,
        "99": 0.8822799855403719
    }
}