{
    "avg_latency": 0.8859324259998781,
    "latencies": [
        0.8858357629997045,
        0.887778767000782,
        0.884182747999148
    ],
    "percentiles": {
        "10": 0.8845133509992593,
        "25": 0.8850092554994262,
        "50": 0.8858357629997045,
        "75": 0.8868072650002432,
        "90": 0.8873901662005664,
        "99": 0.8877399069207604
    }
}