{
    "avg_latency": 2.019770624667217,
    "latencies": [
        2.0156111270007386,
        2.0209257120004622,
        2.02277503500045
    ],
    "percentiles": {
        "10": 2.016674044000683,
        "25": 2.0182684195006004,
        "50": 2.0209257120004622,
        "75": 2.021850373500456,
        "90": 2.0224051704004524,
        "99": 2.0227380485404503
    }
}