{
    "avg_latency": 1.6558149336669885,
    "latencies": [
        1.6669819119997555,
        1.6499674540009437,
        1.6504954350002663
    ],
    "percentiles": {
        "10": 1.6500730502008083,
        "25": 1.650231444500605,
        "50": 1.6504954350002663,
        "75": 1.658738673500011,
        "90": 1.6636846165998578,
        "99": 1.6666521824597658
    }
}