{
    "avg_latency": 3.9832618976664285,
    "latencies": [
        3.9823389840003074,
        3.9848762569999963,
        3.9825704519989813
    ],
    "percentiles": {
        "10": 3.9823852776000424,
        "25": 3.9824547179996443,
        "50": 3.9825704519989813,
        "75": 3.9837233544994888,
        "90": 3.9844150959997933,
        "99": 3.984830140899976
    }
}