{
    "avg_latency": 0.5235069343331512,
    "latencies": [
        0.5235648469988519,
        0.523349731000053,
        0.5236062250005489
    ],
    "percentiles": {
        "10": 0.5233927541998128,
        "25": 0.5234572889994524,
        "50": 0.5235648469988519,
        "75": 0.5235855359997004,
        "90": 0.5235979494002094,
        "99": 0.5236053974405149
    }
}