{
    "avg_latency": 0.8742512913334698,
    "latencies": [
        0.8755689539993909,
        0.8735757230006129,
        0.8736091970004054
    ],
    "percentiles": {
        "10": 0.8735824178005714,
        "25": 0.8735924600005092,
        "50": 0.8736091970004054,
        "75": 0.8745890754998982,
        "90": 0.8751770025995939,
        "99": 0.8755297588594112
    }
}