{
    "avg_latency": 18.880373586000132,
    "latencies": [
        18.88125491900064,
        18.879645713999707,
        18.88022012500005
    ],
    "percentiles": {
        "10": 18.879760596199777,
        "25": 18.87993291949988,
        "50": 18.88022012500005,
        "75": 18.880737522000345,
        "90": 18.881047960200522,
        "99": 18.88123422312063
    }
}