{
    "avg_latency": 2.9745305226667065,
    "latencies": [
        2.9727264770008333,
        2.976117124000666,
        2.9747479669986205
    ],
    "percentiles": {
        "10": 2.973130775000391,
        "25": 2.973737221999727,
        "50": 2.9747479669986205,
        "75": 2.9754325454996433,
        "90": 2.975843292600257,
        "99": 2.9760897408606253
    }
}