{
    "avg_latency": 8.990619098999863,
    "latencies": [
        8.991707227000006,
        8.98971450099998,
        8.990435568999601
    ],
    "percentiles": {
        "10": 8.989858714599904,
        "25": 8.99007503499979,
        "50": 8.990435568999601,
        "75": 8.991071397999804,
        "90": 8.991452895399926,
        "99": 8.991681793839998
    }
}