{
    "avg_latency": 4.081101480000143,
    "latencies": [
        4.080822001998968,
        4.082804028999817,
        4.0796784090016445
    ],
    "percentiles": {
        "10": 4.079907127601109,
        "25": 4.080250205500306,
        "50": 4.080822001998968,
        "75": 4.081813015499392,
        "90": 4.082407623599647,
        "99": 4.0827643884598
    }
}