{
    "avg_latency": 5.942267521666508,
    "latencies": [
        5.9395889379993605,
        5.964042046000031,
        5.923171581000133
    ],
    "percentiles": {
        "10": 5.926455052399978,
        "25": 5.931380259499747,
        "50": 5.9395889379993605,
        "75": 5.951815491999696,
        "90": 5.959151424399897,
        "99": 5.963552983840018
    }
}