{
    "avg_latency": 2.026951962999495,
    "latencies": [
        2.02587683999991,
        2.0278304549992754,
        2.0271485939993
    ],
    "percentiles": {
        "10": 2.026131190799788,
        "25": 2.026512716999605,
        "50": 2.0271485939993,
        "75": 2.0274895244992877,
        "90": 2.02769408279928,
        "99": 2.027816817779276
    }
}