{
    "avg_latency": 0.8832986219998323,
    "latencies": [
        0.8838743199994497,
        0.8823447239992674,
        0.8836768220007798
    ],
    "percentiles": {
        "10": 0.8826111435995699,
        "25": 0.8830107730000236,
        "50": 0.8836768220007798,
        "75": 0.8837755710001147,
        "90": 0.8838348203997157,
        "99": 0.8838703700394762
    }
}