{
    "avg_latency": 0.5220352666662317,
    "latencies": [
        0.5223525330002303,
        0.5219562419988506,
        0.5217970249996142
    ],
    "percentiles": {
        "10": 0.5218288683994615,
        "25": 0.5218766334992324,
        "50": 0.5219562419988506,
        "75": 0.5221543874995405,
        "90": 0.5222732747999543,
        "99": 0.5223446071802027
    }
}