{
    "avg_latency": 2.66786252033368,
    "latencies": [
        2.667966188999344,
        2.6680411770012142,
        2.6675801950004825
    ],
    "percentiles": {
        "10": 2.667657393800255,
        "25": 2.6677731919999133,
        "50": 2.667966188999344,
        "75": 2.668003683000279,
        "90": 2.66802617940084,
        "99": 2.6680396772411767
    }
}