{
    "avg_latency": 2.102432169000167,
    "latencies": [
        2.1127097540011164,
        2.0957777769999666,
        2.098808975999418
    ],
    "percentiles": {
        "10": 2.096384016799857,
        "25": 2.0972933764996924,
        "50": 2.098808975999418,
        "75": 2.1057593650002673,
        "90": 2.1099295984007767,
        "99": 2.1124317384410825
    }
}