{
    "avg_latency": 9.465961226666574,
    "latencies": [
        9.467710197999622,
        9.46504821400049,
        9.46512526799961
    ],
    "percentiles": {
        "10": 9.465063624800313,
        "25": 9.46508674100005,
        "50": 9.46512526799961,
        "75": 9.466417732999616,
        "90": 9.46719321199962,
        "99": 9.467658499399622
    }
}