{
    "avg_latency": 1.4847013336669381,
    "latencies": [
        1.4880811520006318,
        1.48520162099976,
        1.4808212280004227
    ],
    "percentiles": {
        "10": 1.48169730660029,
        "25": 1.4830114245000914,
        "50": 1.48520162099976,
        "75": 1.486641386500196,
        "90": 1.4875052458004574,
        "99": 1.4880235613806143
    }
}