{
    "avg_latency": 2.721623550999842,
    "latencies": [
        2.712611692999417,
        2.7176536079987272,
        2.734605352001381
    ],
    "percentiles": {
        "10": 2.713620075999279,
        "25": 2.715132650499072,
        "50": 2.7176536079987272,
        "75": 2.726129480000054,
        "90": 2.7312150032008504,
        "99": 2.734266317121328
    }
}