{
    "avg_latency": 0.8845033873337039,
    "latencies": [
        0.8843872070001453,
        0.8844886290007707,
        0.8846343260001959
    ],
    "percentiles": {
        "10": 0.8844074914002704,
        "25": 0.884437918000458,
        "50": 0.8844886290007707,
        "75": 0.8845614775004833,
        "90": 0.8846051866003108,
        "99": 0.8846314120602073
    }
}