{
    "avg_latency": 2.0057625333326237,
    "latencies": [
        2.0058447449991945,
        2.005593637999482,
        2.005849216999195
    ],
    "percentiles": {
        "10": 2.0056438593994246,
        "25": 2.005719191499338,
        "50": 2.0058447449991945,
        "75": 2.005846980999195,
        "90": 2.0058483225991948,
        "99": 2.005849127559195
    }
}