{
    "avg_latency": 0.8870939599998261,
    "latencies": [
        0.8898475030000554,
        0.8853051119995143,
        0.8861292649999086
    ],
    "percentiles": {
        "10": 0.8854699425995932,
        "25": 0.8857171884997115,
        "50": 0.8861292649999086,
        "75": 0.887988383999982,
        "90": 0.8891038554000261,
        "99": 0.8897731382400526
    }
}