{
    "avg_latency": 0.8752448566665407,
    "latencies": [
        0.8734482740001113,
        0.8749750619999759,
        0.877311233999535
    ],
    "percentiles": {
        "10": 0.8737536316000842,
        "25": 0.8742116680000436,
        "50": 0.8749750619999759,
        "75": 0.8761431479997555,
        "90": 0.8768439995996232,
        "99": 0.8772645105595438
    }
}