{
    "avg_latency": 0.8796195673330658,
    "latencies": [
        0.877785374999803,
        0.8811531709998235,
        0.8799201559995709
    ],
    "percentiles": {
        "10": 0.8782123311997566,
        "25": 0.8788527654996869,
        "50": 0.8799201559995709,
        "75": 0.8805366634996972,
        "90": 0.880906567999773,
        "99": 0.8811285106998185
    }
}