{
    "avg_latency": 10.421687067667031,
    "latencies": [
        10.415519779000533,
        10.41050161000021,
        10.439039814000353
    ],
    "percentiles": {
        "10": 10.411505243800274,
        "25": 10.413010694500372,
        "50": 10.415519779000533,
        "75": 10.427279796500443,
        "90": 10.434335807000389,
        "99": 10.438569413300357
    }
}