{
    "avg_latency": 0.521296073000182,
    "latencies": [
        0.5214395329994659,
        0.5214201950002462,
        0.521028491000834
    ],
    "percentiles": {
        "10": 0.5211068318007165,
        "25": 0.5212243430005401,
        "50": 0.5214201950002462,
        "75": 0.521429863999856,
        "90": 0.5214356653996219,
        "99": 0.5214391462394815
    }
}