{
    "avg_latency": 20.468508224332254,
    "latencies": [
        20.469677277998926,
        20.466984072998457,
        20.46886332199938
    ],
    "percentiles": {
        "10": 20.467359922798643,
        "25": 20.467923697498918,
        "50": 20.46886332199938,
        "75": 20.469270299999152,
        "90": 20.469514486799017,
        "99": 20.469660998878936
    }
}