{
    "avg_latency": 0.8746738046667512,
    "latencies": [
        0.8746447290000106,
        0.8747605960002147,
        0.8746160890000283
    ],
    "percentiles": {
        "10": 0.8746218170000247,
        "25": 0.8746304090000194,
        "50": 0.8746447290000106,
        "75": 0.8747026625001126,
        "90": 0.8747374226001738,
        "99": 0.8747582786602106
    }
}