{
    "avg_latency": 1.037376314334324,
    "latencies": [
        1.0416039420015295,
        1.0450596570008202,
        1.0254653440006223
    ],
    "percentiles": {
        "10": 1.0286930636008038,
        "25": 1.033534643001076,
        "50": 1.0416039420015295,
        "75": 1.0433317995011748,
        "90": 1.044368514000962,
        "99": 1.0449905427008344
    }
}