{
    "avg_latency": 1.981059363333164,
    "latencies": [
        1.9809727280007792,
        1.9784956900002726,
        1.9837096719984402
    ],
    "percentiles": {
        "10": 1.978991097600374,
        "25": 1.9797342090005259,
        "50": 1.9809727280007792,
        "75": 1.9823411999996097,
        "90": 1.983162283198908,
        "99": 1.983654933118487
    }
}