{
    "avg_latency": 4.8611552289997535,
    "latencies": [
        4.854695660000289,
        4.884420636999494,
        4.844349389999479
    ],
    "percentiles": {
        "10": 4.846418643999641,
        "25": 4.849522524999884,
        "50": 4.854695660000289,
        "75": 4.869558148499891,
        "90": 4.878475641599652,
        "99": 4.8838261374595096
    }
}