{
    "avg_latency": 0.5227971290002339,
    "latencies": [
        0.5228302160003295,
        0.5228102930004752,
        0.5227508779998971
    ],
    "percentiles": {
        "10": 0.5227627610000127,
        "25": 0.5227805855001861,
        "50": 0.5228102930004752,
        "75": 0.5228202545004024,
        "90": 0.5228262314003587,
        "99": 0.5228298175403324
    }
}