{
    "avg_latency": 2.0279997600003603,
    "latencies": [
        2.027122581000185,
        2.0273366440005702,
        2.029540055000325
    ],
    "percentiles": {
        "10": 2.0271653936002623,
        "25": 2.0272296125003777,
        "50": 2.0273366440005702,
        "75": 2.0284383495004477,
        "90": 2.029099372800374,
        "99": 2.02949598678033
    }
}