{
    "avg_latency": 0.8862804353332953,
    "latencies": [
        0.8881483660006779,
        0.8841933000003337,
        0.886499639998874
    ],
    "percentiles": {
        "10": 0.8846545680000417,
        "25": 0.8853464699996039,
        "50": 0.886499639998874,
        "75": 0.887324002999776,
        "90": 0.8878186208003171,
        "99": 0.8881153914806419
    }
}