{
    "avg_latency": 1.5060044799999257,
    "latencies": [
        1.5058872800000245,
        1.506029223999576,
        1.5060969360001764
    ],
    "percentiles": {
        "10": 1.5059156687999349,
        "25": 1.5059582519998003,
        "50": 1.506029223999576,
        "75": 1.5060630799998762,
        "90": 1.5060833936000564,
        "99": 1.5060955817601644
    }
}