{
    "avg_latency": 5.886868152666769,
    "latencies": [
        5.869457775999763,
        5.948844403001203,
        5.842302278999341
    ],
    "percentiles": {
        "10": 5.847733378399425,
        "25": 5.855880027499552,
        "50": 5.869457775999763,
        "75": 5.909151089500483,
        "90": 5.932967077600916,
        "99": 5.947256670461175
    }
}