{
    "avg_latency": 9.44625182266706,
    "latencies": [
        9.44594104800126,
        9.445002440999815,
        9.447811979000107
    ],
    "percentiles": {
        "10": 9.445190162400104,
        "25": 9.445471744500537,
        "50": 9.44594104800126,
        "75": 9.446876513500683,
        "90": 9.447437792800338,
        "99": 9.44777456038013
    }
}