{
    "avg_latency": 1.8622011116664605,
    "latencies": [
        1.858453181999721,
        1.862870897999528,
        1.8652792550001323
    ],
    "percentiles": {
        "10": 1.8593367251996824,
        "25": 1.8606620399996245,
        "50": 1.862870897999528,
        "75": 1.8640750764998302,
        "90": 1.8647975836000115,
        "99": 1.8652310878601202
    }
}