{
    "avg_latency": 0.5215948240002035,
    "latencies": [
        0.5216086959990207,
        0.5216197950012429,
        0.521555981000347
    ],
    "percentiles": {
        "10": 0.5215665240000817,
        "25": 0.5215823384996838,
        "50": 0.5216086959990207,
        "75": 0.5216142455001318,
        "90": 0.5216175752007984,
        "99": 0.5216195730211984
    }
}