{
    "avg_latency": 18.834419939000025,
    "latencies": [
        18.83641924100084,
        18.833950127000207,
        18.832890448999024
    ],
    "percentiles": {
        "10": 18.83310238459926,
        "25": 18.833420287999616,
        "50": 18.833950127000207,
        "75": 18.835184684000524,
        "90": 18.835925418200713,
        "99": 18.83636985872083
    }
}