{
    "avg_latency": 0.5212951483341991,
    "latencies": [
        0.521383589000834,
        0.521313753000868,
        0.5211881030008954
    ],
    "percentiles": {
        "10": 0.5212132330008898,
        "25": 0.5212509280008817,
        "50": 0.521313753000868,
        "75": 0.521348671000851,
        "90": 0.5213696218008408,
        "99": 0.5213821922808347
    }
}