{
    "avg_latency": 2.6052016546667196,
    "latencies": [
        2.605262639001012,
        2.6053657159991417,
        2.604976609000005
    ],
    "percentiles": {
        "10": 2.605033815000206,
        "25": 2.6051196240005083,
        "50": 2.605262639001012,
        "75": 2.6053141775000768,
        "90": 2.6053451005995156,
        "99": 2.605363654459179
    }
}