{
    "avg_latency": 0.8746224573339229,
    "latencies": [
        0.8736825890009641,
        0.875076528000136,
        0.8751082550006686
    ],
    "percentiles": {
        "10": 0.8739613768007984,
        "25": 0.87437955850055,
        "50": 0.875076528000136,
        "75": 0.8750923915004023,
        "90": 0.8751019096005621,
        "99": 0.8751076204606579
    }
}