{
    "avg_latency": 1.3245244356670203,
    "latencies": [
        1.324539322000419,
        1.3244608160002826,
        1.3245731690003595
    ],
    "percentiles": {
        "10": 1.32447651720031,
        "25": 1.3245000690003508,
        "50": 1.324539322000419,
        "75": 1.3245562455003892,
        "90": 1.3245663996003714,
        "99": 1.3245724920603608
    }
}