{
    "avg_latency": 0.5219064826669637,
    "latencies": [
        0.5217584230013017,
        0.5219801650000591,
        0.5219808599995304
    ],
    "percentiles": {
        "10": 0.5218027714010531,
        "25": 0.5218692940006804,
        "50": 0.5219801650000591,
        "75": 0.5219805124997947,
        "90": 0.5219807209996361,
        "99": 0.521980846099541
    }
}