{
    "avg_latency": 4.539291523333001,
    "latencies": [
        4.53869386399947,
        4.539664273999733,
        4.5395164319998
    ],
    "percentiles": {
        "10": 4.538858377599536,
        "25": 4.539105147999635,
        "50": 4.5395164319998,
        "75": 4.539590352999767,
        "90": 4.539634705599747,
        "99": 4.539661317159735
    }
}