{
    "avg_latency": 8.988132062999284,
    "latencies": [
        8.982528581000224,
        8.98768956299864,
        8.99417804499899
    ],
    "percentiles": {
        "10": 8.983560777399907,
        "25": 8.985109071999432,
        "50": 8.98768956299864,
        "75": 8.990933803998814,
        "90": 8.99288034859892,
        "99": 8.994048275358983
    }
}