{
    "avg_latency": 10.428979492666562,
    "latencies": [
        10.424534206999851,
        10.435568117999537,
        10.426836153000295
    ],
    "percentiles": {
        "10": 10.42499459619994,
        "25": 10.425685180000073,
        "50": 10.426836153000295,
        "75": 10.431202135499916,
        "90": 10.433821724999689,
        "99": 10.435393478699552
    }
}