{
    "avg_latency": 0.5210947310000241,
    "latencies": [
        0.5210305670007074,
        0.5212033339994377,
        0.5210502919999271
    ],
    "percentiles": {
        "10": 0.5210345120005513,
        "25": 0.5210404295003173,
        "50": 0.5210502919999271,
        "75": 0.5211268129996824,
        "90": 0.5211727255995356,
        "99": 0.5212002731594475
    }
}