{
    "avg_latency": 9.451305238333589,
    "latencies": [
        9.451529455999662,
        9.450647497000318,
        9.451738762000787
    ],
    "percentiles": {
        "10": 9.450823888800187,
        "25": 9.45108847649999,
        "50": 9.451529455999662,
        "75": 9.451634109000224,
        "90": 9.451696900800561,
        "99": 9.451734575880764
    }
}