{
    "avg_latency": 17.97999609433221,
    "latencies": [
        17.977263193999534,
        17.982185563998428,
        17.980539524998676
    ],
    "percentiles": {
        "10": 17.977918460199362,
        "25": 17.978901359499105,
        "50": 17.980539524998676,
        "75": 17.981362544498552,
        "90": 17.981856356198477,
        "99": 17.982152643218434
    }
}