{
    "avg_latency": 1.1026111883329577,
    "latencies": [
        1.0984428040001148,
        1.1046123489995807,
        1.1047784119991775
    ],
    "percentiles": {
        "10": 1.099676713000008,
        "25": 1.1015275764998478,
        "50": 1.1046123489995807,
        "75": 1.104695380499379,
        "90": 1.104745199399258,
        "99": 1.1047750907391856
    }
}