{
    "avg_latency": 2.9883595543333286,
    "latencies": [
        2.9876856079999925,
        2.987259014999836,
        2.9901340400001573
    ],
    "percentiles": {
        "10": 2.987344333599867,
        "25": 2.987472311499914,
        "50": 2.9876856079999925,
        "75": 2.988909824000075,
        "90": 2.9896443536001245,
        "99": 2.990085071360154
    }
}