{
    "avg_latency": 11.212518471991643,
    "latencies": [
        11.209992830990814,
        11.212019106023945,
        11.215543478960171
    ],
    "percentiles": {
        "10": 11.21039808599744,
        "25": 11.21100596850738,
        "50": 11.212019106023945,
        "75": 11.213781292492058,
        "90": 11.214838604372925,
        "99": 11.215472991501446
    }
}