{
    "avg_latency": 4.774645213999975,
    "latencies": [
        4.723867239000356,
        4.7989700139996785,
        4.80109838899989
    ],
    "percentiles": {
        "10": 4.73888779400022,
        "25": 4.761418626500017,
        "50": 4.7989700139996785,
        "75": 4.800034201499784,
        "90": 4.800672713999847,
        "99": 4.801055821499886
    }
}