{
    "avg_latency": 8.989754613294886,
    "latencies": [
        8.988067358965054,
        8.990234375931323,
        8.990962104988284
    ],
    "percentiles": {
        "10": 8.988500762358308,
        "25": 8.989150867448188,
        "50": 8.990234375931323,
        "75": 8.990598240459803,
        "90": 8.990816559176892,
        "99": 8.990947550407146
    }
}