{
    "avg_latency": 1.1045954403343785,
    "latencies": [
        1.1046910069999285,
        1.1044198100025824,
        1.1046755040006246
    ],
    "percentiles": {
        "10": 1.1044709488021909,
        "25": 1.1045476570016035,
        "50": 1.1046755040006246,
        "75": 1.1046832555002766,
        "90": 1.1046879064000676,
        "99": 1.1046906969399424
    }
}