{
    "avg_latency": 9.206895138990754,
    "latencies": [
        9.205668817972764,
        9.207186502986588,
        9.207830096012913
    ],
    "percentiles": {
        "10": 9.205972354975529,
        "25": 9.206427660479676,
        "50": 9.207186502986588,
        "75": 9.20750829949975,
        "90": 9.207701377407648,
        "99": 9.207817224152386
    }
}