{
    "avg_latency": 4.090452199332503,
    "latencies": [
        4.0841624540007615,
        4.087199167999643,
        4.099994975997106
    ],
    "percentiles": {
        "10": 4.084769796800538,
        "25": 4.085680811000202,
        "50": 4.087199167999643,
        "75": 4.093597071998374,
        "90": 4.097435814397613,
        "99": 4.099739059837157
    }
}