{
    "avg_latency": 2.9732982186445347,
    "latencies": [
        2.9736283629899845,
        2.9742215459700674,
        2.972044746973552
    ],
    "percentiles": {
        "10": 2.972361470176838,
        "25": 2.972836554981768,
        "50": 2.9736283629899845,
        "75": 2.973924954480026,
        "90": 2.974102909374051,
        "99": 2.9742096823104656
    }
}