{
    "avg_latency": 15.045572655663515,
    "latencies": [
        15.045183085021563,
        15.053394290967844,
        15.038140591001138
    ],
    "percentiles": {
        "10": 15.039549089805224,
        "25": 15.04166183801135,
        "50": 15.045183085021563,
        "75": 15.049288687994704,
        "90": 15.051752049778589,
        "99": 15.053230066848919
    }
}