{
    "avg_latency": 1.5053688966824363,
    "latencies": [
        1.5051247170194983,
        1.5056117320200428,
        1.5053702410077676
    ],
    "percentiles": {
        "10": 1.5051738218171522,
        "25": 1.505247479013633,
        "50": 1.5053702410077676,
        "75": 1.5054909865139052,
        "90": 1.5055634338175878,
        "99": 1.5056069021997973
    }
}