{
    "avg_latency": 5.764529278657089,
    "latencies": [
        5.761078457930125,
        5.780631329049356,
        5.7518780489917845
    ],
    "percentiles": {
        "10": 5.753718130779452,
        "25": 5.756478253460955,
        "50": 5.761078457930125,
        "75": 5.770854893489741,
        "90": 5.77672075482551,
        "99": 5.780240271626972
    }
}