{
    "avg_latency": 12.874280793320699,
    "latencies": [
        12.87212911201641,
        12.875209106015973,
        12.875504161929712
    ],
    "percentiles": {
        "10": 12.872745110816322,
        "25": 12.873669109016191,
        "50": 12.875209106015973,
        "75": 12.875356633972842,
        "90": 12.875445150746964,
        "99": 12.875498260811437
    }
}