{
    "avg_latency": 9.092329560701424,
    "latencies": [
        9.090820804005489,
        9.095012054080144,
        9.091155824018642
    ],
    "percentiles": {
        "10": 9.09088780800812,
        "25": 9.090988314012066,
        "50": 9.091155824018642,
        "75": 9.093083939049393,
        "90": 9.094240808067843,
        "99": 9.094934929478914
    }
}