{
    "avg_latency": 4.437357702000251,
    "latencies": [
        4.4354249730004085,
        4.438552112000252,
        4.438096021000092
    ],
    "percentiles": {
        "10": 4.435959182600345,
        "25": 4.43676049700025,
        "50": 4.438096021000092,
        "75": 4.438324066500172,
        "90": 4.438460893800221,
        "99": 4.438542990180249
    }
}