{
    "avg_latency": 9.475468913054405,
    "latencies": [
        9.471886070095934,
        9.474660168052651,
        9.479860501014628
    ],
    "percentiles": {
        "10": 9.472440889687277,
        "25": 9.473273119074292,
        "50": 9.474660168052651,
        "75": 9.47726033453364,
        "90": 9.478820434422232,
        "99": 9.479756494355389
    }
}