{
    "avg_latency": 11.016385279634656,
    "latencies": [
        11.016470437985845,
        11.017811158904806,
        11.01487424201332
    ],
    "percentiles": {
        "10": 11.015193481207826,
        "25": 11.015672339999583,
        "50": 11.016470437985845,
        "75": 11.017140798445325,
        "90": 11.017543014721014,
        "99": 11.017784344486426
    }
}