{
    "avg_latency": 4.30965529595657,
    "latencies": [
        4.30667535495013,
        4.310294886934571,
        4.311995645985007
    ],
    "percentiles": {
        "10": 4.307399261347018,
        "25": 4.3084851209423505,
        "50": 4.310294886934571,
        "75": 4.311145266459789,
        "90": 4.31165549417492,
        "99": 4.3119616308039985
    }
}