{
    "avg_latency": 10.703243520343676,
    "latencies": [
        10.685275902971625,
        10.74461874004919,
        10.679835918010212
    ],
    "percentiles": {
        "10": 10.680923915002495,
        "25": 10.682555910490919,
        "50": 10.685275902971625,
        "75": 10.714947321510408,
        "90": 10.732750172633677,
        "99": 10.74343188330764
    }
}