{
    "avg_latency": 9.45099114603363,
    "latencies": [
        9.451466541038826,
        9.451403785031289,
        9.450103112030774
    ],
    "percentiles": {
        "10": 9.450363246630877,
        "25": 9.450753448531032,
        "50": 9.451403785031289,
        "75": 9.451435163035057,
        "90": 9.451453989837319,
        "99": 9.451465285918676
    }
}