{
    "avg_latency": 5.959424597668355,
    "latencies": [
        5.950132072000997,
        5.96348237300117,
        5.964659348002897
    ],
    "percentiles": {
        "10": 5.952802132201032,
        "25": 5.956807222501084,
        "50": 5.96348237300117,
        "75": 5.964070860502034,
        "90": 5.964423953002552,
        "99": 5.964635808502862
    }
}