{
    "avg_latency": 5.808336916999906,
    "latencies": [
        5.807585406999351,
        5.777684269000019,
        5.839741075000347
    ],
    "percentiles": {
        "10": 5.783664496599886,
        "25": 5.792634837999685,
        "50": 5.807585406999351,
        "75": 5.823663240999849,
        "90": 5.833309941400148,
        "99": 5.839097961640327
    }
}