{
    "avg_latency": 1.861647777686206,
    "latencies": [
        1.858711401000619,
        1.8634220490930602,
        1.8628098829649389
    ],
    "percentiles": {
        "10": 1.8595310973934829,
        "25": 1.860760641982779,
        "50": 1.8628098829649389,
        "75": 1.8631159660289995,
        "90": 1.863299615867436,
        "99": 1.8634098057704978
    }
}