{
    "avg_latency": 0.6823270853492431,
    "latencies": [
        0.6819967399933375,
        0.682236485008616,
        0.6827480310457759
    ],
    "percentiles": {
        "10": 0.6820446889963933,
        "25": 0.6821166125009768,
        "50": 0.682236485008616,
        "75": 0.6824922580271959,
        "90": 0.6826457218383439,
        "99": 0.6827378001250327
    }
}