{
    "avg_latency": 0.6431019483522201,
    "latencies": [
        0.6431545760133304,
        0.6429978520027362,
        0.6431534170405939
    ],
    "percentiles": {
        "10": 0.6430289650103077,
        "25": 0.643075634521665,
        "50": 0.6431534170405939,
        "75": 0.6431539965269621,
        "90": 0.643154344218783,
        "99": 0.6431545528338757
    }
}