{
    "avg_latency": 1.09379829132619,
    "latencies": [
        1.0936624049791135,
        1.0941274799988605,
        1.093604989000596
    ],
    "percentiles": {
        "10": 1.0936164721962995,
        "25": 1.0936336969898548,
        "50": 1.0936624049791135,
        "75": 1.093894942488987,
        "90": 1.0940344649949112,
        "99": 1.0941181784984655
    }
}