{
    "avg_latency": 0.8409317223316369,
    "latencies": [
        0.8371428030077368,
        0.8424341399804689,
        0.843218224006705
    ],
    "percentiles": {
        "10": 0.8382010704022832,
        "25": 0.8397884714941029,
        "50": 0.8424341399804689,
        "75": 0.8428261819935869,
        "90": 0.8430614072014577,
        "99": 0.8432025423261803
    }
}