{
    "avg_latency": 4.539629708665113,
    "latencies": [
        4.538577624014579,
        4.539785476983525,
        4.540526024997234
    ],
    "percentiles": {
        "10": 4.538819194608368,
        "25": 4.539181550499052,
        "50": 4.539785476983525,
        "75": 4.54015575099038,
        "90": 4.540377915394492,
        "99": 4.54051121403696
    }
}