{
    "avg_latency": 4.521590750994316,
    "latencies": [
        4.521420311008114,
        4.5231076659983955,
        4.520244275976438
    ],
    "percentiles": {
        "10": 4.520479482982774,
        "25": 4.520832293492276,
        "50": 4.521420311008114,
        "75": 4.522263988503255,
        "90": 4.522770195000339,
        "99": 4.52307391889859
    }
}