{
    "avg_latency": 4.531694371330862,
    "latencies": [
        4.529669749957975,
        4.53267877799226,
        4.532734586042352
    ],
    "percentiles": {
        "10": 4.530271555564832,
        "25": 4.531174263975117,
        "50": 4.53267877799226,
        "75": 4.532706682017306,
        "90": 4.532723424432334,
        "99": 4.53273346988135
    }
}