{
    "avg_latency": 4.492115040348533,
    "latencies": [
        4.490517142985482,
        4.4917936490383,
        4.494034329021815
    ],
    "percentiles": {
        "10": 4.490772444196045,
        "25": 4.491155396011891,
        "50": 4.4917936490383,
        "75": 4.492913989030058,
        "90": 4.493586193025112,
        "99": 4.493989515422145
    }
}