{
    "avg_latency": 4.5063477899918025,
    "latencies": [
        4.50675893801963,
        4.507953149965033,
        4.504331281990744
    ],
    "percentiles": {
        "10": 4.504816813196522,
        "25": 4.505545110005187,
        "50": 4.50675893801963,
        "75": 4.507356043992331,
        "90": 4.507714307575952,
        "99": 4.5079292657261245
    }
}